message,lable
Aircraft will decelerateto ensure safety.,0
At Least Two Waypoints Required.,0
RTH Altitude is <UNK> .,0
Advanced Settings ActiveTrack Optimized.,1
Pleaseensure the propellers are installed on the correct motors.,0
Entered Cruise ControlProgram.,1
Rotation : Preascending.,1
Obstacle Avoidance is not available.,0
Flying at a safe altitude.,0
Cannot enter Follow Me Mode.,1
High altitudeskiing,0
Returning to the Home Point.,1
Magnetic Field Interference.,1
Warm battery to above <NUM> C (77F)while flying.,0
"Another aircraft is dangerously close.""",1
RTH : Cruise.,1
Tap Fly Flight Ended Landing Gear Lowered.,0
Check and linkphone number.,0
Portable to hover.,1
Please fly awaywith caution.,0
Battery:Battery Error.,1
API Automatic TakeoffProcedure,1
RTH : PreascendingChaos,1
Streaming Canceled.,1
Change SD cardslot,0
No SDcard.,1
Obstinence Avoidance is not available.,0
Auxiliary Bottom Light turned off!,1
Please move the aircraft away from potential interference source or calibrate the compass.,0
Recalibrate usinganother subject that is farther away.,0
Fly safely.,0
Aircraft max power load reached200,1
without overheating.,1
Maximum flightcapacity reached.,1
Becareful when flying long distances.,0
Aircraft is entering a restricted area.,1
Returning home.,1
Flight height too low.,1
Landing Protection Activated.,1
Battery: Low Voltage ProtectionBattery,1
Flight altitudeindicator <UNK> .,1
Tap the screen to focus.,0
Visualistically inaccurate.,1
IMUALLY calibrated.,1
Sprayer turned ON!,1
Check motorphotos,0
DisableSD card read and write protection or change card.,0
Restart aircraft or contact DJAviation Support if the issue persists.,0
Return aircraft to an area nearby the home point promptly and fly in a wind-freemanner to ensure flight safety.,0
Then tap Go.,0
Forced landing in progress.,1
Forward vision sensor errorcorrection,1
Obstacle Avoidance hasbeen disabled.,1
Abnormal compass function or GPS signal detected.,1
Auto calibrationmakes progress.,1
Battery: Low Voltage Protection.,1
Correcting Landing PositionErrors,1
Aircraft issafely home.,1
Flight altitudeindicator <UNK> .,1
ActiveTrack FlightSimulator:,1
Fixed speed error.,1
Landing gearis restored.,1
Gimbal calibration error.,1
Please move the aircraft away from potential interference source orcalibrate the compass.,0
RATING : Cruise.,1
Checkout motors and propellers.,0
Weak GPS signalinterference,1
Landing Gear Raising.,1
Then tapagain.,0
"Ambient Light too Weak,",1
Descend as soon as possible.,0
"Tip: Aircraft reached maximum distance, please payattention to flight safety.",0
Detecting subject.,1
Gimbal Recenter.,1
Return sticksto midpoints first.,0
Getting lost.,1
No resistance affected.,1
Remote Controller Right Dial Locked.,1
Uninstall battery.,0
Aircraft stopped.,1
Whoever sticks to midpoints first.,0
Speed limit exceeded.,1
Warm battery to above <NUM> C (77F)while flying.,0
Only infrared sensors available.,0
Downward vision sensor calibration error.,1
Mobile device CPU fully loaded.,1
API Automatic TakeoffProcedure,1
Military aircraft is nearby.,1
Aircraftcloser to home.,1
You can reset the RTH Altitude in Remote Controller Settingsby cancelling RTH if necessary.,0
Flight distance may exceed line-of-sight.,1
GPS signal weak.,1
<NUM> . Calibrate Compass Before TakeoffTime,0
Aircraft processor overheated.,1
Motor speed error.,1
Landing Gear RaisingUp,1
Aircraftwreckage linked to phone number.,0
Panorama has stopped.,1
"Land as soon as possible, otherwiseyour battery will be damaged.",0
Hovering unstablesurfaces,1
Descend as soonas possible.,0
Your aircraft is flying in an Altitude Zone ( <UNK>).,1
Cannot Takeoff in Travel Mode.,1
RTH Altitude is <127K> .,0
Cannot exitSmartTrack.,1
calibration required.,1
Exiting GPScoordinates:,1
Aircraft max power loadlimit.,1
Throttle up to reduce the speed of descentand use sticks to avoid obstacles.,0
Tip: Only the first camera can tap-zoom in dual gimbal control mode.,0
Slayer turned ON.,1
Strong Interference Now.,1
Auxiliary Bottom Light turned off.,1
Exit PUBGPS Mode.,0
Chargeaccordingly.,1
Strong windstorms,1
Check Battery Status.,0
The gimbal is moving.,1
Strong Interactions to Aircraft.,1
calibration required.,1
Tap thebutton to focus.,0
Compass abnormaldata,1
Battery temperature is below <100> degrees Celsius.,1
Ensure your enviornment is free of potential obstacles.,0
API Automatic Return Home.,1
Charge batterycharger,1
Contact DJI Support to arrangewarranty repairs.,0
AircraftIdentification Authorization Zone.,1
Downlink Restored (after 0m <NUM> .gifs).,1
cannot enter playbacktext,0
QuickShotContest ended.,1
Obstacle AvoidedSurgery,1
Aircraft isin Sport Mode.,0
Account notlogged in.,0
Aircraft willbe forced to land.,1
Videos and photos will still be shot in D-VR mode.,1
Be careful when flying long distances.,0
Another aircraft isapproaching.,1
Exitdebug mode and try again.,0
Yawaii.,1
Motor <UNK> propeller detached or installed incorrectly.,1
Ensure the aircraftstays within your line of sight and fly with caution.,0
The gimbal is moving.,1
RTH Altitude : 30mï¿½,0
Homebrew Recorded.,1
Positioning accuracy affected.,1
Aircraft is in Attitude mode and hovering maybecome unstable.,1
Downlink Restored (after 0m <NUM> .3s).,1
Strong Interactions to Aircraft.,1
Aircraft takeoff altitudewarning.,1
High altitude.,0
Returnto Home failed.,1
Fly in a wind-free environment toenhance flight safety.,0
Approaching NFZ or pre-set distance limit of ( <UNK> ).,1
Detecting subjectmatter,1
Image: Recovered.,1
Strong AircraftPreference.,1
Aircraft flight control unlocked.,1
Camera RCAM notsupported.,1
Sprayer turned ON.,1
Failed to take off.,1
Max altitude set to <UNK> and max distance set to <UNK> to ensure flight safety.,1
Take care of your gimbal when landing.,0
SafeYour Land.,0
Mobile device CPUcache loaded.,1
Obstacle Sensing will bedetected when aircraft is landing.,1
Sensing systemgets blocked or too close to the obstacle.,1
Aircraft is in Tripod Mode.,0
Aircraft GPS interference.,1
Switched to A (Attitude)-mode.,1
"After powering off the aircraft, replace the propeller on the beeping ESC.",0
Ensure you have obtained proper airspace authorization.,0
Gimbal calibrations.,1
Cannot shoot panorama.,1
APAS has been enabled.,1
please replace the battery.,0
Compass dataaccordingly.,1
Lower altitude immediately and return toaltitude manually.,0
No SDcard.,1
Battery levelindicator.,1
Achild unable to return to home automatically.,1
Batteryusage restricted.,1
Downward infrared sensor failure.,1
Ensure the aircraft remains within your line of sightand fly with caution.,0
Live stream video frame rate less than 9Hz!,0
Aircraft is entering arestricted area.,1
Gimbal Roll Limit ReachedPreviously,1
Cons: Critically low battery.,1
Aircraft closenear Home Point.,1
Check andweigh in.,0
DownlinkRestored (after 0m <NUM> .3s).,1
Please change the batterysettings,0
Remote controller battery levelindicator.,1
Min Waypoint Distance: <UNK>Distance,1
discharge promptly.,0
GPS signal low.,1
Aircraft is flying back to the start point.,1
Obstacle Avoidance Disabled.,1
Cannot shootPanorama.,1
"Please switch to Normal mode, then back to S-modeand enable it.",0
Gimbal motorbike.,1
Forced landing in progress.,1
Backdoor obstacle avoidance unavailable.,0
Hawking now!,0
Positioning accuracy may beaffected.,1
Downward altitude sensor data errorcorrection,1
RTH : Ascending to RTH altitude!,1
Return to home promptly!,0
Acreek is close to Home Point.,0
Remove the motors and propellers.,0
Cooling environment too dark.,1
Obstacle Avoidance has been disabled.,1
Forward obstacle sensing is unavailable.,0
Use the RC to control aircraft yanks.,0
Battery not installed properly.,1
Aircraft unstable at low altitude.,1
Strong wind warning:,1
Aircraft power insufficient.,1
Additional infrared sensors available.,0
ThenPokemon Go.,0
Your height too low.,1
Error: Course angle control errordetected,1
Waypoint Mission Researcher.,1
Jamaica Plain.,0
Distance limit enabled.,1
Aircraft approaching obstacle sensing blind spot and maybe unable to detect obstacles.,0
CrystalSky ispiping hot.,1
Battery power restricted.,1
Positioning accuracy may be compromised.,1
Aerial GPS interference.,1
IMU attitude restricted.,1
Cannot Takeoff in Travel Mode.,1
Aircraft unable to auto hover and takeoff restricted.,1
Remoteaudio signal lost.,1
DSU attitude restricted.,1
Streaming Canceled.,1
Altitude above the takeoff point exceeds <UNK> .,1
EMtranscript is full.,1
Message system error.,1
Being Obstructed.,1
Aircraftreturns to home automatically.,1
Gimbal <UNK> roll axis endpoint reached.,1
Setting new Maximum Flight Altitude to<UNK> .,1
please replace the battery!,0
Aircraft is close to the Home PointBridge,1
Please check the Compass installation andconfiguration.,0
Wait before taking off.,0
Failed tosuccessfully Return to Home.,1
Maximum Flight Altitude Reached.,1
Vision sensor error.,1
"Another aircraftflew dangerously close,",1
Vision systems andcollision avoidance disabled.,1
Cool down the monitor to prevent overheating.,0
Large Wind VelocityIndex,1
ECU calibration required.,1
Forward obstacle sensing is unavailable.,0
Compass direction isessentially the same with IMU.,1
Battery overheatingdevice,1
Current Battery Status.,0
Warning: Command Failed.,1
Return the aircraft to home manually.,0
Downlink Restored (after 0m <NUM> .8s).,1
overcome the obstacle.,0
Strongfaith.,1
At Least Two WaypointsFail.,0
Airircraft is close to the Home Point.,1
CannotFly TapFly Cannot fly in that direction.,1
Payload mode enabled.,1
Change SD cardslot,0
Flight altitude exceeds <UNK> .,1
Ensure the aircraft remains within your line of sight andproceed with caution.,0
Aircraft unable toremain hover and takeoff restricted.,1
Return to home and land promptly.,0
SearchingInterest,1
Compass initializationerrors.,1
Calibration target not far away enough?,1
Aircraft performance decreased to ensure flightsafety.,1
Cannot enterthe selected flight mode.,1
ActiveTrack Flight Paused.,1
Battery error.,1
Exposure time istoo long.,1
JetTrack Flight Paused.,1
Another aircraft is nearby.,1
Cache Space FullSize,1
Connect to network to obtain mobile devicecredentials.,0
Panorama has stopped.,1
Check battery connectionstatus,0
Autoreset initiated.,1
Your aircraft is flying in an Altitude Zone (<UNK> ).,1
"please descend to a safer altitude.""",0
Adjust altitudevia MC Settings if required.,0
Ensure your enviornmentis free of potential obstacles.,0
Afriend is returning home.,1
Right Dial LockedDown,1
Loading database failed.,1
Aircraftmissile interference.,1
Initiating Returnto Home will now trigger Auto Landing.,1
Restart aircraft to take off.,0
Battery overheating.,1
Check for objects blocking motorvehicles contact DJI Support for assistance .,0
Aircraft EnteringRestricted Area.,1
Viewflight checklist after landing.,0
Your palmis too close to the aircraft.,1
RunningFlight Simulator.,1
Landing gear function restored.,1
Batteryusage restricted.,1
Change SD cardslot,0
Aircraft ActiveTrack max speed of <UNK> and Obstacle Avoidance functions normally.,0
Terminal interruption may be more likely.,0
Not suitable for shooting a4K video.,0
Aircraft is tiltedsideways,1
Precision Landing.,1
Cannotselect the selected flight mode.,1
Landscape Protection Activated.,1
sprayed <UNK> at <UNK> liters/min.,1
RTH altitude adjusted to <UNK> .,1
Home Point not updated.,1
You can reset the RTH Altitude in Remote Controller Settings after cancelling RTH if necessary.,0
LandRover Gear Paused.,1
Unable to hover.,1
Aircraft flight control obtained by remoteAirbus A.,1
Changeable.,1
Aircraft not linked to phonecalls.,0
Downlink LostLinks,1
Aircraft unable to fly stably.,1
Goto Profile > Settings to update firmware.,0
forward obstacle avoidance has stopped working.,1
You can reset the RTH Altitude in Remote Controller Settings after cancelling RTH.,0
Max altitude set to <UNK> and max distance set to <UNK>to ensure flight safety.,1
Not Enough Force/ESC Error.,1
Aircraft may be in violation of local laws and regulations.,0
Sensor sensor error.,1
LandRover Gear Raising.,1
Exit Travel Mode.,0
GPS signal low.,1
Check and re-install battery.,0
Automatically returningsafely home.,1
Tap the screen lightly to focus.,0
Reinstall batterycharger,0
Warning: Motor Overloaded.,1
Throttle up to reduce the speed of descent and usebraking to avoid obstacles.,0
Arrive at destination.,1
Check whetherpropeller on beeping ESC is warped or damaged.,0
Tap thebutton to focus.,0
Hovering unstablesurfaces,1
Away and Follow in progress.,1
Warning: Motor Obstructed.,1
Zimbal Recenter.,1
Not suitable for shooting a 4K video.,0
Current Battery Status.,0
Disable SD card read and write protectionwithout change card.,0
Unable to takeseriously.,1
Signal interruption may be more likely.,0
Obstacle Avoidance has been disabled.,1
Aircraft is in TripAttack Mode.,0
Exit P-GPS Mode.,0
Visiondevice(s) blocked.,1
Return to homepage.,0
Aircraft ActiveTrackRadar at max speed.,0
Vision sensorscanner.,1
"Insufficient storage space.""",1
Ensure aircraft is levelmaintained,0
Adjust RTH altitude to above tallest surrounding building beforetakeoff.,0
Failed to takeaction.,1
RTH Altitude is <UNKNOWN> .,0
NotAir Force/ESC Error.,1
Warning: Motor Overloaded.,1
Yaw Error.,1
CompassData.,1
If the issue persistsplease contact DJI Support.,0
"Tip: When multi-gimbals are controlled together, only the first gimbal spotlight feature is available.",0
Strong Interference NowAvailable,1
Sensor sensor error.,1
Critically LowQuality.,1
Exit P-GMO Mode.,0
Current elevation above <UNK>elevation,0
Downlink Restored (after 0m<NUM> .7s).,1
Altitude above the takeoff point exceeds <UNKNOWN> .,1
Insufficient storagecapacity.,1
Battery installed incorrectly.,1
Aircraft in Authorization ZoneUnknown,1
GEO: You are in a Warning Zone (Airport Class Airspace Unpaved Airports Power Plant).,1
Panorama has stoppedfilming,1
Please check the Compass installationwithout interference.,0
Downlink Restored (after 0m <NUM>^4s).,1
Camera storage fullsize,1
Cancel Return-to-Home FailedEmail,1
Arrived at Start Point.,1
Subjectmatter.,1
GimbalEpicenter.,1
WORTH : Cruise.,1
Propeller GuardMounted Propeller Guard mounted.,1
Aircraft in Authorization Zone.,1
IMUIL required.,1
Cannot enter the selected flight mode.,1
Technically Low Voltage Warning.,1
Strong Interaction to Remote Controller.,1
Aircraft pitch angle too large.,1
credit card full.,1
Switched to A (Attachment)-mode.,1
Strong Interference DetectedDetected,1
Strong wind warning:,1
Aircraft performancemeasures to ensure flight safety.,1
Fluxiliary Bottom Light turned on.,1
SDATA write speed is too slow.,1
Turning Point Recorded.,1
Failed to lower or packheavier landing gear.,1
Setting new Maximum Flight Altitude to <UNK> .,1
Auto calibration in progress.,1
"Camera busy,",1
Accelerator isDynamic Range.,1
Flightschedules will be affected.,1
ReinstallFirefox.,0
RTH Altitude is<UNK> .,0
Vision system and obstacle sensing unavailable.,0
Motor <UNK> propellers detached or installed incorrectly.,1
Current RTH route will pass a No-Fly zone.,1
Aircraft switched to ATTI mode.,1
Warning: Command Failed!,1
Check and make sure you havethe proper authorization to fly in this airspace.,0
"Tip: Aircraft reached maximum distance, please pay attention to flightpaths.",0
Aircraft switched toANTI mode.,1
Aircraftviewing angle too large.,1
<NUM> . Calibrate Compass Before Takeoff.,0
Tryagain later.,0
Gimbal<UNK> pitch axis endpoint reached.,1
Payload mode enabled.,1
Cannot exit ActiveTrack.,1
Approaching NFZ or pre-set distance limit of ( <UNK> ).,1
Entered CruiseControl mode.,1
Check the motors and propellers.,0
CheckYour Status.,0
Aircraft isin QuickShot Mode.,0
Downlink Restored (after 0m <timeout> .5s).,1
Aircraft returning to homesafely.,1
Fly Fly Flight Ended Landing Gear Lowered.,0
Anotherbuilding is nearby.,1
Obstacle Avoidance will be disabled in landing.,1
Aircraft Entering Restricted Area.,1
"Another aircraft isflying close,",1
"CameraIcon,",1
Payload mode enabled.,1
Aircraft will decelerate during landing.,1
sprayed <UNK> at <UNK> liters/min.,1
Cannot exit ActiveTrack.,1
Warning: Critically lowdoses.,1
Go to Profile > Settings> update firmware.,0
Max Altitude Approached.,1
Downlink Restored (after 0m <NUM> .4s).,1
Aircraft processor chip overheated.,1
Home Point Recorded.,1
Switching to gimbal free mode.,1
ActiveAirlines Flight Ended:,1
Landing Canceled.,1
navigate to an open area or exit flight tutorial.,0
Low PowerConsumption,1
Decrease altitude and fly with caution.,0
Forcedwork in progress.,1
Solution: Move away from ground magneticfields.,0
Compatibility error.,1
Downgraded infrared sensor failure.,1
RTH : Ascending to RTH altitude.,1
Propellerpayload or extra payload detected.,1
Critical low batterylife,1
Obstacle Sensing will be disabled when aircraft is landing.,1
Aircraft may be in violation of local lawsor regulations.,0
Image Transmission RecoveredSource,1
Sensing system is blocked or too close toan obstacle.,1
Enable Normal mode if required for stable shooting.,0
<NUM> .Calibrate Compass Before Takeoff.,0
Aircraft will not enter S-mode if powered on with the remote controller set toS-mode.,0
Approachinga No-Fly Zone.,1
mAh battery.,1
"During Smart Track, you can controlyour zoom within a certain limit.",0
Aircraft returningsafely home.,1
Aircraft will automatically descend in <MASK> .,1
Aircraft unable to return to homesafely.,1
Check whether propellers areworking.,0
A passengertrain is approaching.,1
Gimbal <UNK> pan axis endpoint reached.,1
High Altitude Approached.,1
Subject: Small.,0
Network performance will be affected.,1
Ensure aircraft is levelmaintained,0
Aircraft GPS interference.,1
Lightlyadjust it to adjust.,0
Subject too SmallEnough,0
Cannot enter TapFly Mode:,1
Magnetic Field InterferenceTechniques,1
Weaknesses.,1
Aircraft landing automatically.,1
"Report Error,",1
GEO Zone Info: Thetarget area is in an Altitude Zone.,1
Hyperlink data connection lost for <UNK> seconds.,1
Grass Redundancy Switch.,1
CompassData.,1
Handle with Caution.,0
Exposure time is too long.,1
Adjust RTH altitude to above tallest surrounding building before flying.,0
Check propellersand fly with caution.,0
. <UNK> requires maintenance.,0
Throttle up todouble the speed of descent and use sticks to avoid obstacles.,0
Aircraftremains insufficient.,1
Gimbal Roll LimitRate.,1
RemoteControl Right Dial Locked.,1
Backwardcollision avoidance unavailable.,0
Cool down the monitor to prevent overheating.,0
Strong AircraftPreference.,1
Gyroscope initialization failed.,1
Failed to cancel landingflights,1
TapLanding Flight Ended Landing Gear Lowered.,0
Taking OffDrugs,1
Military Aircraft Interference.,1
Motor speed errordetected,1
Aircraft is now following you.,1
Power off aircraftand wait for temperature to return to normal.,0
Return homesafely.,0
Incompatible firmwareupdates.,1
Warning: CommandPrompt.,1
Forward Obstacle Sensing not Working.,1
Aircraft close to Home Point.,1
Panorama has stoppedfilming,1
Suited Cruise Control mode.,1
Solution: Move away from ground magnetic interference.,0
Please check the Compass installation and interference.,0
Ensure the aircraft battery is properlycharged.,0
Change card or delete files.,0
Check for objectslacking motor or contact DJI Support for assistance.,0
Gimbal <SDK> roll axis endpoint reached.,1
Aircraft processor overheated.,1
Strong wind warning:,1
Forward Obstacle Sensing is notrecommended.,1
Initiating Return to Home will now triggerQuick Landing.,1
Check battery connectionstatus,0
Setting new Return-To-Home altitude to <UNK> .,1
Check battery status and charge or warm up battery.,0
Backward obstaclecourses unavailable.,0
Check battery statusbefore charge or warm up battery.,0
Flight distance may exceed line-of-sight.,1
Video cache has stopped because there is not enough storagespace.,1
Forward vision sensor calibration errorcorrected,1
Connect to network to obtain mobile device location.,0
Obstacle Avoidance is not available.,0
Live stream video frame rate less than 9Hz.,0
"Report Error,",1
Ensure the aircraft remains within your line of sight and fly with caution.,0
Battery power restricted.,1
Goto Profile > Settings to update firmware.,0
Manually adjustyour route or return to home.,0
Warning:Get Overloaded.,1
Fileformatting error.,1
Crowd shoot panorama.,1
Battery AlertSystem,1
Detach battery and reinstall it.,0
Check and re-installFirefox.,0
Aircraft is close to theEcho Point.,1
Incorrect installation will cause the aircraft to roll over duringtakeoff.,0
Tip: Only therear camera can tap-zoom in dual gimbal control mode.,0
Your aircraft is flying in an Altitude Zone( <UNK> ).,1
Running FlightSimulator.,1
Aircraft flight control obtainedvia remote controller B.,1
Forward Obstacle Sensing will be automatically switched off.,1
Max altitude set to <UNK> and max distance set to <UNK> to ensure flightsafety.,1
Take care of your gimbal when landing.,0
Maximum Flight DistanceRequired.,1
The aircraft is flyingstraight to the start point.,1
Streaming Canceled.,1
Altitude Less than <UNK> .,0
Critically Low VoltageVoltage,1
Arrived at destination.,1
"Exit Backward Forward Downward Upward Sensing system,",0
Camera Settings Adjusted toCameraTrack.,1
ller is idling (lost or missing propeller).,1
Compass Redundancy Switchboards,1
Take care of your gimbal when landing.,0
Check motorphotos,0
please descend to ahigher altitude.,0
Lower altitude immediatelycan return to home manually.,0
satellite image transmission signal.,1
Mobile device version too old to support HD image transmission and the image transmission mode has been switch to normalmode.,1
Battery installed incorrectly.,1
Aircraft isin QuickShot Mode.,0
Ensureful enviornment is free of potential obstacles.,0
Chargeaccordingly.,1
Maximum Flight Distance Reached.,1
Warning: Command Timeout.,1
The flight attitude angle is larger in Sport mode.,1
Aircraft returning to homesafely.,1
Exit Travel Mode.,0
Being Obstructed.,1
Check battery status and charge or warm up battery.,0
Tap to choose a valid zone.,0
Take off and retry this function.,0
Returningto the Home Point.,1
RTH :Ascending to RTH altitude.,1
Landing gear function restored.,1
Fixed installation error.,1
Disable SD card read and write protection or change card.,0
WaypointHas Resumed.,1
RTH : Preascending.,1
Avoid wireless interference.,1
Check whether gimps can rotate freely.,0
Monitoring accuracy affected.,1
Significantly Lost.,1
TIPS signal weak.,1
Cannot enter PanoPark.,1
Detach battery and reinstall it.,0
Vision sensor(sic) blocked.,1
Braking now!,0
Cannot takeoff in a no-fly zone.,1
Cannot switch flight mode.,1
RTH may beincorrect.,0
Return to home and land promptly.,0
RTH Altitude : 98FTF,0
Make sure the remotetransmitter is facing aircraft and avoid blocking the signal.,0
Gimbal <UNK> pitch axis endpoint reached.,1
Aircraft will decelerate during landing.,1
AircraftMode in Sport Mode.,0
The gimbal is moving.,1
Aircraft is close to Home Point.,0
Gimbal calibratingalgorithm,1
Battery: Overcurrent DuringDischarge.,1
Downlink Restored (after 0m <NUM><3s).,1
Aircraft flightdiagram obtained by remote controller B.,1
Aircraft LandingApproach,1
Detach battery and reinstall it.,0
Flight range restricted.,1
Camera Settings Adjusted to ActiveTrack.,1
Landing Gear RaisedUp,1
Switched to S (default)-mode.,1
Contact DJIRadio if this persists.,0
Aircraft will automatically descend in <MASK> .,1
Manned aircraft detectednearby.,1
HomePage Updated.,1
Landing Gear RaisingUp,1
Auto LandingScreen <UNK> (s).,1
Aircraftcruise control obtained by remote controller A.,1
Obstacle Avoidance will be disabled in landingzones,1
GimbalSpeed Limit Reached.,1
sprayed <UNK> at <UNK> liters/min.,1
Impeller rotating too fast.,1
Exited Hypercollapse mode.,1
Aircraftcarrier.,1
Weak signalgenerator,1
"hovercraft braking distance is extended,",0
LandRover Gear Raised.,1
Ensureeverything is level before taking off.,0
ActiveTrack Flight Stopped.,1
Aircraft mayfly in violation of local laws and regulations.,0
Check propellers andblades with caution.,0
Landing Gear Lowered.,1
PrecisionTechnologies.,1
Battery:Battery Error.,1
Exited Visual Avoidance System.,1
Checkhere to find Recommended Zones.,0
Flight altitude restricted to <200K> .,1
Recruit Gimbal Pan.,0
Gimbal calibration error.,1
An aircraft is approaching.,1
Returnyours now.,0
Downlink Restored (after 0m<NUM> .1s).,1
Aircraft processor overheated.,1
"When exceeding <SDK> , Obstacle Avoidance is not available.",0
Videosand photos will still be shot in D-Log mode.,1
Unable to take off.,1
Auxiliary Bottom Light turned off!,1
Aircraft not linkedby phone number.,0
QuickShots stoppedloading,1
Aircraft too Far.,1
EMMC isinvestigating.,1
Please contactSSI Support.,0
GEO: You are in a Warning Zone (Airport ClassUnspace Unpaved Airports Power Plant).,1
Obstacle Avoidance has been disabled.,1
Image quality affected.,1
Compasscompiler error.,1
"Unknown Error,",1
Another aircraft is approaching.,1
May violate local policies and regulations.,0
Flightspeeds too low.,1
Intelligent Flight Modes have not been enabled.,1
Aircraft is in QuickShot Mode.,0
Flight altitude restricted to<UNK> .,1
"Cannot takeoff in a no-fly zone.""",1
Failed to cancel landing.,1
Aircraft performance decreased to ensure flight safety.,1
Aweak GPS signal too weak.,1
Aircraft landing automatically.,1
Adjust the distancefrom MC Settings if required.,0
Return the aircraft to home manually.,0
Temp Max Altitude:<UNK> .,0
"Pleaseswitch to Normal mode, then back to S-mode to enable it.",0
Strong wind.,1
Disable SD card read and write protectionwithout change card.,0
Aircraft Core Board Overheated.,1
Sensing system is blocked or too close toan obstacle.,1
Detecting subjectmatter,1
Downlink Restored (after 0m <timeout> .8s).,1
Wind resistancetechniques.,1
RTH :Yes.,1
Cannot EnterFlightFly Cannot fly in that direction.,1
Flight performance will be affected.,1
Auxiliary Bottom Light turned on.,1
"aircraft braking distance isunknown,",0
Battery installation error:,1
Enable Multiple Flight Modes in Settings menu to changesettings,0
"Tip: Aircraft reached maximum distance, please pay attention to flight safety.",0
Home Point RecordedVideo,1
Obstacle Sensing will be disabled whenaircraft is landing.,1
Compass disconnectedData,1
The database failed.,1
Exited Hyperlapse mode.,1
Long range restricted.,1
Weaknesses.,1
"During Smart Track, you can control lens zoom within a certain limit.",0
Battery cells undervoltage.,1
Correcting LandingErrors.,1
Compass data error.,1
Aircraft in Attitude modeEdit,1
Airircraft is close to the Home Point.,1
Returning to the Home Point:,1
Ensure controlsystems are centered during takeoff.,0
Compass direction is not the sameas IMU.,1
Contact DJI Support if this error persists after restarting.,0
Make sure the remote controller is facing aircraft and avoid blocking the signal.,0
Sound Off.,1
Aircraftcloser to home.,1
The flight attitudeindicator is larger in Sport mode.,1
Return-to-Home Mode iscalled Auto Landing Mode.,1
GEO: You are in a Warning Zone (Airport Class Airspace Unpaved Airports Power Plant),1
Return topage failed.,1
RTH altitude adjusted to <UNK>altitude,1
Ensure you have obtained proper airspace authorization.,0
Accelerator is Over Range.,1
Aircraft flightremains locked.,1
Aircraft will be forced to land.,1
"Aircraft is landing due to lowvisibility, which cannot be stopped.",1
Significantly Lost.,1
Check the USBports with aircraft.,0
Calculate IMU.,0
IMU attitude restricted.,1
QuickShotsarchive.,1
CrystalSky is toolate.,1
ReturningHome.,1
Ensure aircraft is levelmaintained,0
Current RTH route willfeature a No-Fly zone.,1
Ambient Light is too weak.,1
Aircraft is entering arestricted area.,1
Vision sensor(s) blocked.,1
Manuallychange flight route or return to home.,0
Aircraft performance decreased to ensure flight safety.,1
Cannot Identify Subject.,1
Planned aircraft detected nearby.,1
Adjust remotesensing antennas.,0
"Tip: When multi-gimbals are controlled together, only the first gimbal spotlight feature is available.",0
Cannot enter TapFly Mode:,1
Downlink Restored (aftercfm <NUM> .7s).,1
Landing Gear Raised.,1
Checkpropellers and fly with caution.,0
Gimbal Pitch Limit Reached.,1
Downlink Restored (after 0m <NUM>^4s).,1
Return to homeand land promptly.,0
The device CPU fully loaded.,1
Corrected Landing Position.,1
Contact DJI Supportto arrange for repairs.,0
Max altitude reached (Altitude limit: <200K> ) .,1
Downlink Restored (after 0m <NUM> .9s):,1
Please check the Compass installation and interference.,0
commuting waypoint mission.,1
Precision LandingSystems,1
Fly safely!,0
Max altitude reached (AltitudeRange: <UNK> ) .,1
Switched to S-Sport)-mode.,1
"Please switch to Normal mode, then back to S-modeand enable it.",0
GEO Zone Info:Your target area is in an Altitude Zone.,1
IMHO warming up.,1
Aircraft is in Attitude mode and hovering may be unstable.,1
Use thejoystick to control aircraft yaw.,0
Return to home immediately!,0
Visionographical error.,1
"Home Point Recorded,",1
Accelerator is Over Range.,1
cannot enter playback.,0
Connect to network to obtain mobile device location.,0
RTH Altitudeat 30m.,0
Sound Off.,1
Critically Low Voltage WarningSigns,1
"Home PointReaders,",1
please descend toa safer altitude.,0
Attitudelooms too large.,1
Calibration subject is toovague.,1
Parking Protection Activated.,1
Downward altitudeelevation data error.,1
Check the USBports with aircraft.,0
Go to ProfileDevice Settings to update firmware.,0
Change card or delete files.,0
Downlink Restored (after 0m <NUM> .gifs).,1
Cannot enable Follow Me Mode.,1
Unable to display nearbymanned aircraft and anti-collision warnings.,1
Battery:Overcurrent During Discharge.,1
Vision sensor(s) blocked.,1
Loading... failed.,1
Contact DJI Supportfor this persists.,0
"Aircraft is landing due to low voltage, which cannot be stopped.",1
Move away from sources of interference before attemptingattacks.,0
seconds before taking off.,0
You can enable Auto Cache Clear or manually delete cache to get enough space.,0
Intelligent Flight Modeshave not been enabled.,1
Exited Cruise ControlProcedures.,1
You can reset the RTH Altitude in Remote Controller Settings after cancelling RTH.,0
Cache Space Full.,1
RTH Altitude : 98FT.,0
Compass abnormal.,1
Motor is idling (lost or missing propeller).,1
Forward Obstacle Sensingwill be automatically switched off.,1
Object too close to laser rangefinder.,1
Propeller Guard Mounted Propeller Guard mountedhelmet,1
Cannot TakePlace in Travel Mode.,1
"If the issue persists,disable battery.",0
Aircraft landing automatically.,1
Setting new Maximum Flight Altitude to <200K> .,1
Checkif gimbal can rotate freely.,0
Auto Landing in<UNK> (s).,1
Right Dial Locked.,1
"aircraft braking distance isunknown,",0
Unknown ErrorMessages,1
Current RTHrosters will pass a No-Fly zone.,1
Gimbal calibration error.,1
Remote ID error.,1
Exited Hypercollapse mode.,1
Signal Lost.,1
Forward obstaclefunctionality is unavailable.,0
Recenter Gimbal Pan.,0
Aircrafttraffic control locked.,1
Criterion Low Voltage.,1
Unable to display nearby manned aircraft and anti-collision warnings.,1
Compass Interfaces.,1
When exceeding <UNK>Maximum Obstacle Avoidance is not available.,0
"Excessive attitude angle detected,",1
Downlink Restored (aftercfm <NUM> .5s).,1
"Exit Backward Forward Downward Upward Sensing system,",0
Aircraft GPS signalis weak.,1
LandingRates Raised.,1
Weak signalgenerator,1
Switched toNormal (Sport)-mode.,1
Image transmissionwas lost.,1
Tap the screen to focus.,0
Aircraftremains insufficient.,1
Subject too Small.,0
Aircraft in Authorization Zone.,1
Weaksignal signal.,1
Calibration target notfar away enough.,1
Remote ID functionality normalization,1
GEO Zone Info: The target area is in an Altitude Zone.,1
credit card.,1
Temp Max AltitudeRange <UNK> .,0
PleaseSupport DJI Support.,0
"Ambient Light tooBright,",1
Ensure control sticksremain centered during takeoff.,0
Unable to take off.,1
Propeller guard or extra payload detected.,1
Check whether gimbal can rotate freely.,0
Please move the aircraft away fromthe interference source or calibrate the compass.,0
MaximumHigh Altitude Reached.,1
Critical low battery.,1
"When exceeding <UNK> , Obstacle Avoidance is not available.",0
Ensure there are no metal and magnetic objects near the aircraft and calibrate compassreadings,0
Aircraft not linked to phone number.,0
Weak image transmission signal.,1
Gimbalformatting error.,1
Aircraft ispictured.,1
Obstacle Sensing will be disabled whenaircraft is landing.,1
Battery: Low Voltage ProtectionBattery,1
Remote controller battery levelindicator.,1
Check for objects blocking motor or contact DJI Support for assistance.,0
go home shiftsupon landing.,0
Camera Settings ActiveMode Optimized.,1
Check whether propellers are installed.,0
Detach battery and reinstall it.,0
Afaulty antenna satellite signal searching error.,1
Downlink LostLinks,1
Unknown Error.,1
Adjust altitude in MC Settings if required.,0
Starting Waypoint Mission.,1
Subjectmatter.,1
Change card.,1
Navigation systemcrashes.,1
Downlink data connection lost for <100K> seconds.,1
Take off and retrythe function.,0
Aircraftcarrier landing.,1
Inflation.,0
Camera storage full.,1
Critically lowscores.,1
Ambient Light is toobright.,1
Obstacle Avatars.,1
Aircraft too Far.,1
Cooling gear lowered.,1
Strong windstorms,1
Command Failed.,1
Control Signal Timeout (CSS).,1
ForwardSpectacle Sensing is not functioning.,1
Setting new Return-To-Home altitude to <UNK> .,1
Switched to A (Attitude)-mode.,1
Error: Courseerror control error.,1
Camera Settings Adjusted.,1
Aircraft will decelerate to ensure safety.,0
Image transmission signal lost.,1
Check and log in!,0
Switched to S-Sport)-mode.,1
Tip: Only the first camera can tap-zoominto dual gimbal control mode.,0
Related performancemay be affected.,1
In FlightControl,0
Please flysafely with caution.,0
Insufficient storagecapacity.,1
Initiating Return to Home will now trigger Auto Landing.,1
Camera storageoptions.,1
Ensure there are no metal and magnetic objects near the aircraft and calibrateaccordingly.,0
"Descend as soon as possible.""",0
Obstacle Sensing will be disabled when aircraft is landing.,1
Vision systems and obstacleavoidance disabled.,1
Away! Follow in progress.,1
Aircraft ActiveTrack max speed of <UNK> and Obstacle Avoidance functions normallyapply,0
"Aircraftcarrier tilted,",1
Approaching a No-Fly Zone.,1
HighVelocity Velocity:,1
Aircraftcloser to home.,1
Charging Gear Lowered.,1
Connectcellular network to obtain mobile device location.,0
Cons: Critically low battery.,1
ReinstallFirefox.,0
Return the aircraft to an area nearby the home point promptly to ensure flight safety.,1
Mobile device version too old to support HD image transmission and the image transmission mode has been switchto normal mode.,1
Obstacle Avoidance disabled.,1
Use Normal mode ifnecessary for stable shooting.,0
Aircraft willsoon descend in <UNK> .,1
Gimbal <UNK> pitch axis endpoint reached.,1
Battery level low.,1
Adjust remote controller antennas.,0
Landing Gear Paused.,1
<NUM> . CalibrateSettings Before Takeoff.,0
Please contactSSI Support.,0
Contact DJIRadio if this persists.,0
Connect to networkto obtain mobile device location.,0
Positioning accuracy may be compromised.,1
Command FailedAttempt,1
Downlink Restored (after 0ticks <NUM> .3s).,1
IntelligentDriving Modes have not been enabled.,1
The aircraft is flying backto the start point.,1
Compass Stocks.,1
Contact DJI support.,0
Metering disabled.,1
IMU not calibratedyet,1
FlyAway.,0
"When exceeding <UNK> , Obstacle Avoidanceis not available.",0
Obstacle Avoidance will be disabled in landing.,1
Lower altitude immediately and return to homesafely.,0
Aircraft is landing.,1
Downlink Restored (after 0ticks <NUM> .1s).,1
Lightly press it to adjust.,0
QuickShot has ended.,1
Cancel Return-to-Home Failed.,1
Aircraftflying close to Home Point.,0
APplayback has been enabled.,1
EARTH Altitude is <UNK> .,0
Auto Landing in <UNK> (s):,1
Warning: Battery Temperature Below <NUM> C (59F).,1
Downlink Restored (after 0ticks <NUM> .8s).,1
Aircraft will decelerate during landing.,1
Aircraft will not enter S-mode if powered on with the remote controller set to S-mode.,0
RTH may be affected.,0
Setting new Return-To-Home altitude to <UNKNOWN> .,1
Aircraft processor chip overheated.,1
Away! Follow in progress.,1
Aircraft will decelerate to ensure safety.,0
Battery error:,1
IMU warminghypothesis.,1
Cannot enter FollowMe Mode.,1
The cache has stopped because there is not enough storage space.,1
Exiting GPS mode:,1
Contact DJI Support if this persists.,0
Gimbal Roll LimitRate.,1
StrongInterference Detected.,1
Incorrect installation will cause the aircraft toflip over during takeoff.,0
ContactFOI support.,0
Battery <UNK> requires maintenance.,0
RTH Altitude : 98km.,0
Camera Settings AdjustedSettings,1
LandingGets Paused.,1
Cannot enter TapFly Mode.,1
Switched to S (Sport)-mode.,1
Camera storage fullsize,1
Related performance willbe affected.,1
At Least Two Waypoints Required.,0
Wait for the GPS satellite signal recovery before ascend!,0
"During Smart Track, you can control lens zoom within a certain limit.",0
Current Battery Status.,0
GEO: You are in a Warning Zone (Airport Class Airports Unpaved Airports Power Plant).,1
IMU attitudenotwithstanding.,1
Land or returnyour home promptly.,0
Cool downyour monitor to prevent overheating.,0
Aircraft flight control locked.,1
Aircraft isin Sport Mode.,0
Restart aircraftto take off.,0
Jamaica Plain.,0
Enable P-GPS Mode.,0
Approaching NFZ or pre-set distance limit of ( <UNK> ).,1
CannotChange Subject.,1
Fly with Caution.,0
Airircraft is close to Home Point.,0
Aircraft is in QuickShot Mode.,0
entailed to lower or pack up landing gear.,1
IMU calibration required.,1
Forward ObstaclePositioning will be automatically switched off.,1
Cannot enter the selected flight mode.,1
Recalibrate using a subject that is fartheraway.,0
Not Enough Force/ESC ErrorLog,1
suffering disabled.,1
Aircraftflying at low altitude.,1
AGarmin ActiveTrack available at max speed.,0
Aircraftviewing angle too large.,1
Aircraft settings updated to comply with national regulations.,1
Message limit enabled.,1
One step farther away.,0
Mobile device version too old to support HD image transmission and the image transmission mode has been switch to normal mode.,1
Aircraft is flying back to the start point.,1
respass interference.,1
"Exit Backward ForwardBackward Upward Sensing system,",0
Aircraft will be forced to land.,1
Aircraft returning to home automatically.,1
Arrived atDana Point.,1
Checkhere to find Recommended Zones.,0
Stewart Aircraft.,0
Gimbal <UNK> roll axis endpoint reached.,1
Obstacle Avoidance disabled.,1
Arrivedat destination.,1
Aircraft settings updatedto comply with national regulations.,1
Taking Off.,1
Remote ControllerRemote Dial Locked.,1
Take off and retry this function.,0
Arrived at End Point.,1
Auto Landing in <UNK> (s).,1
Strong Interference NowAvailable,1
Distancedetection enabled.,1
CrystalSky is too hot.,1
Motor <UNK> propeller detached or installed incorrectly.,1
Obstacle Avoided.,1
Check and make sure you have obtained properpermits to fly in this airspace.,0
Power off aircraft and wait for temperature to return to normal.,0
Check map to findPriority Zones.,0
Aircraftdetected satellite signal searching error.,1
Aircraft unable to hover.,1
Aircraft too Far.,1
Ensure the aircraft battery is properlycharged.,0
Remote controller signal lost.,1
Avoid the obstacle.,0
Recalibrate using a subject that is farther away.,0
Please check the Compass installation and interference.,0
Exit this mode and tryagain.,0
No SD card.,1
You can enable Auto Cache Clear or manually delete cache tosave enough space.,0
Contact DJI Supportif this error persists after restarting.,0
Ensure there are no metal or magnetic objects near the aircraft and calibrate it before use.,0
CrystalSky ispiping hot.,1
Downlink Restored (after 0m <NUM>^2s).,1
Aircraft unableto auto hover and takeoff restricted.,1
Hovering unstable.,1
RTH Altitude is 30m.,0
Drone isrecalibrating.,1
Fly with caution and ensure the aircraft remains within your line of sight.,0
Turn off and retry this function.,0
"Expected attitude angle detected,",1
"SD card write speed is too slow.""",1
API AutomaticNotification Home.,1
Check whether propellersare installed.,0
Message limit enabled.,1
Downlink Restored (after 0m <NUM> .6s):,1
Return aircraft to an area nearby the home point promptly and fly in a wind-free environmentto ensure flight safety.,0
SD card write speed is too slow.,1
Check battery status and charge orpick up battery.,0
Downlink Restored (after 0m <timeout> .6s).,1
Remote controller battery level low.,1
Aircraft unable to return toflight automatically.,1
Pay attention to the aircraft's position to avoidANTH failure.,0
View the checklist after landing.,0
EARTH may be affected.,0
Aircraft is in Attitude mode andaircraft may be unstable.,1
Gimbal <UNK> roll axis endpoint reached.,1
may violate local policies and regulations.,0
Geo-awareness function degraded.,1
Landing GearOrdered.,1
GPS signal weak.,1
"Tip: When multi-gimbals are controlled together, only the first gimbal spotlight feature is available.",0
Compass interference.,1
Attention is too large.,1
go home shiftsupon landing.,0
Warning: Motor Obsolete.,1
Return the aircraftsafely home manually.,0
Strong Aircraft InterferenceTechniques,1
Flight altitude restricted to <UNK> .,1
Forward visioncorrection error.,1
MotorTrend.,1
Maximum Flight Distance Reached.,1
Failed to cancelBack to Home.,1
Positioning accuracy may be compromised.,1
Reinstall battery.,0
No use to moveyour stick right.,0
Backward obstacle avoidance unavailable.,0
Forward vision sensor calibrationsoftware.,1
Compass Error.,1
Portable to hover.,1
USB battery connection.,0
Try again later.,0
Motor idleEdit,1
Auxiliary Bottom Light turned on.,1
Remote controller signal lost.,1
Compass interferenceEdit,1
EARTH may be affected.,0
Compass Stuckers,1
The flight attitude angle is larger in Sportland.,1
Propeller Guard Mounted Propeller Guard mounted.,1
WORTH : Cruise.,1
Charge batterycharger,1
Remote Controller RightHand Locked.,1
Managers control the aircraft and land in an open area.,0
Insufficient storagecapacity.,1
Changepasswords or delete files.,0
Tap the screen lightly toenlarge.,0
Flight altitudeindicator <UNK> .,1
Arrived at destinationairport,1
Recovering unstable.,1
Min Waypoint Distance: <UNK> .,1
Solution: Move away fromunwanted magnetic interference.,0
Manned aircraft approaching.,1
May violatefederal policies and regulations.,0
Motorcycle Blocked.,1
Backward obstacle sensing is unavailable.,0
Aircraft will automatically descend in <UNK> .,1
Setting new Return-To-Home altitude to <UNK> .,1
Altitude Less than <UNK> .,0
Landing gear lowered.,1
Aplane is landing.,1
Batterycharger installed properly.,1
Competitive abnormal.,1
Forward Obstacle Sensing not Working!,1
Email and link phone number.,0
Entered CruiseControl mode.,1
Flying at a safe altitude.,0
Control Signal TimeControl (RC).,1
Exited Visual AvoidanceTechniques.,1
Aircraft Entering RestrictedAreas.,1
Flight height toohigh.,1
Battery overheating.,1
Force Enough Force/ESC Error.,1
Checkand re-install battery.,0
Exited Visual AvoidanceTechniques.,1
Downlink Restored (after 0m <NUM> .9s).,1
LandingRates Lowered.,1
Strong Interactions to Aircraft.,1
Warm battery to above <NUM> C (77F)while flying.,0
Warning: Command Timeout.,1
Currentclock speed is <UNK> .,0
Downlink Restored (after 0m <NUM> .8sec).,1
"Returnsafely to midpoints, then continue flying.",0
DownlinkWiFi connection lost for <UNK> seconds.,1
Tap to choose acomfort zone.,0
Failedtakeoff cancel landing.,1
Compass ErrorHandling,1
Propeller rotating too fast.,1
Failed to lower or pack up landing gear.,1
Accelerator is Overrated.,1
Ensureeverything is level before taking off.,0
Aircraft Entering Restricted Area.,1
Fixed installation error.,1
Ensurepilots have obtained proper airspace authorization.,0
Image Transmission RecoveredSource,1
Cannot exit ActiveTrack.,1
Warning: MotorOverloaded.,1
"After powering off the aircraft, replace the propellerwith the beeping ESC.",0
Aircraft unstable at lowaltitude.,1
Cannot Takeoff in Travel Mode!,1
Battery cells undervoltage.,1
Atrain stopped.,1
Radio transmission signal lost.,1
Gimbal calibrations.,1
Flight distance may exceedline-of-sight.,1
CameraSize Adjusted.,1
Check and make sure you have obtained proper authorization to fly in this airspace.,0
Vision system and obstacle sensing unavailable.,0
Adjustyour distance in MC Settings if required.,0
Downlink Restored (after 0m <timeout> .7s).,1
Downward visionand calibration error.,1
Exited Cruise Control mode.,1
Make sure the remote controller is facing aircraftto avoid blocking the signal.,0
Gimbal <GTK> pan axis endpoint reached.,1
Accountis logged in.,0
Left and right Obstacle Sensing systems are available.,0
You can reset the RTH Altitude in Remote Controller Settings after cancellingRTH if necessary.,0
Compass Error.,1
Min Waypoint Distance:<UNK> .,1
Aircraft flight control obtained by remote controller A.,1
Please move the aircraft away from potentialignition source or calibrate the compass.,0
Cannot change current flight mode.,1
Be carefulwhen flying long distances.,0
Only infrared sensorsexist.,0
Hovering unstablesurfaces,1
ECU calibration required.,1
Accelerator is Over Range.,1
Backward obstaclecourse is unavailable.,0
Distanceis exceeded.,1
Critically Low Voltage Warning.,1
cannot enterotherwise.,0
Propeller Guard Mounted Propeller Guard mountedhelmet,1
"After powering off the aircraft,turning the propeller on the beeping ESC.",0
"Exposure time is too long.""",1
Unnormal compass function or GPS signal detected.,1
Aircraft ispictured.,1
Fly with caution and ensure the aircraft remainswithin your line of sight.,0
Change SD card.,0
Aircraftdesigned to fly stably.,1
Return the aircraftsafely home manually.,0
Right Dial LockedDown,1
Downlink Restored (after 0m <NUM> .5s).,1
Return to home promptly.,0
Contact DJIHERE.,0
Color displayvia Liveview is enhanced.,1
Panorama CapturedCarefully.,1
Arrival at End Point.,1
Your palm is too close to the aircraft.,1
RTH : Ascending to RTH altitude.,1
Left and right ObstRemote Sensing systems are available.,0
Battery& Low Voltage Protection.,1
Ability to choose a valid zone.,0
Remote Controller Right Dial LockedButton,1
Approaching NFZ orpre-set distance limit of ( <UNK> ).,1
Forward vision sensor error.,1
Cannot IdentifyYourself.,1
Auxiliary Bottom Light turned off.,1
Video cache has stopped because there is not enough storage space.,1
RTH altitude adjusted to <50K> .,1
Go to Profile > Settings to update firmware.,0
Warning:Testing Failed.,1
Compass initializationerrors.,1
carcass abnormal.,1
High Wind VelocityCalculator,1
're not logged in.,0
Technically Low Voltage.,1
Strong wind warning.,1
Gimbal Pitch Limit Reached.,1
RTH may be affected.,0
Ensure there are no metal or magnetic objects near the aircraft and calibrate it beforetakeoff.,0
Battery temperature is below <NUM> degreesFahrenheit.,1
CompassData.,1
Forwardmotion sensing is unavailable.,0
Drone isrecalibrating.,1
GEO Zone Info: The target area is in an Altitude Zone.,1
Exposure time is tooshort.,1
The device CPU fully loaded.,1
Aircraft GPS interference.,1
Arrived at Endpoint.,1
Tapthe screen lightly to focus.,0
Aircraft antenna satellite signaltransmission error.,1
Aircraft flight controltower.,1
IMU warming up.,1
An Automatic Return Home.,1
Return to home promptly!,0
Post is Blocked.,1
Min Waypoint Distance: <100K> .,1
Aircraft unable to return toflight automatically.,1
Critically low power.,1
Safe to Land.,0
Adjust RTH altitude to abovethe surrounding building before flying.,0
GPS signalprocessing.,1
Intelligent Flight Modes have notbeen enabled.,1
Vision systemsrendering obstacle avoidance disabled.,1
Cannot exit ActiveTrack(),1
Flight altitude restricted to <UNK> .,1
Batteryloaded incorrectly.,1
Aircraft flight control obtained by remote controller A.,1
Aircraftengines decelerate during landing.,1
API Automatic TakeoffProcedure,1
Max altitude reached (AltitudeRange: <UNK> ) .,1
Aircraft pitch angle too large.,1
Downlink data connection lostwithin <UNK> seconds.,1
Battery installed incorrectly.,1
Simone is Vibrating.,1
Returning home?,1
Direct Interference to Aircraft.,1
Adjust RTH altitude to above tallestresidential building before flying.,0
Downlink Restored (after 0m <NUM> .4s):,1
Ensurelanding sticks are centered during takeoff.,0
Return to Land.,0
Ensure there are no metal and magneticdetectors near the aircraft and calibrate compass.,0
Gimbal <UNK> pan axis endpoint reached.,1
Adjust altitude in MCU if required.,0
Afriend is returning home.,1
Calibration target not far away enough?,1
Return sticks to midpoints first.,0
Check and make sure you've obtained proper authorization to fly in this airspace.,0
Fly at ahigh altitude.,0
Check the checklist after landing.,0
Current flight speed is <UNK> .,0
Downlink Restored (after 0m <NUM> .gifs).,1
Downward altitude sensor datavisualization.,1
Please fly away withdignity.,0
Aircraft is inLatitude mode and hovering may be unstable.,1
Technically Low Power.,1
Aircraft in Attitude mode.,1
Image: signal lost.,1
Max altitude reached (Altitude limit: <UNK) ) .,1
Barometer Dead inNYC.,1
Current elevation above <10K> .,0
Batteryloaded incorrectly.,1
"Land as soonas possible, otherwise the battery will be damaged.",0
Current RTHrosters will pass a No-Fly zone.,1
Color displayvia Liveview is enhanced.,1
Cannot enter the selecteddebug mode.,1
IncompatibleFirefox version.,1
Return the aircraft to homesafely.,0
Forward vision sensor calibrationsoftware.,1
The Waypoint Mission.,1
Auto landinggear.,1
Not suitable for shooting a 4K video?,0
Batterydrain.,1
File system error.,1
Check for objects blocking motor orcontacting DJI Support for assistance.,0
Check battery connection.,0
Check the USBports with aircraft.,0
The aircraft isheading back to the start point.,1
Lightingis too dark.,1
EMMC isinvestigating.,1
determine whether propellers are installed.,0
Aircraft flight control obtained by remote controller AOPA,1
Restart aircraft totake off.,0
Ambient Light is too weak.,1
Try again later.,0
condescending.,1
"If the issue persists, replace battery.",0
Visiondevice(s) blocked.,1
Manuallychange flight route or return to home.,0
Critically low powerrating,1
IMU warming up!,1
Cannot change current flight mode.,1
Propeller rotating too fast.,1
Approaching a No-Fly Zone.,1
An Automatic Return Home.,1
Ensure there are no metal and magnetic objects near the aircraft and calibrate compass.,0
Temp MaxLatitude: <UNK> .,0
PressC1 or C2 to exit.,0
Cache SpaceTelescope.,1
LowIncome.,1
Please move the aircraft away from potential interference sourceand calibrate the compass.,0
please replace the battery!,0
GimbalHol overloaded.,1
Return to homepage.,0
Arrived at End Point.,1
Unlocking takeoff restrictionsare recommended.,1
Cannot enter TapFly Mode:,1
Excessive gimbal vibration.,1
Braves now!,0
Motor isundocked.,1
Descendants.,1
Downlink Restored (max 0m <NUM> .4s).,1
Ensure the aircraft battery is properly connected.,0
Pay attention to the aircraft's position to avoid RTH failure.,0
"Aircraft isdeployed,",1
Aircraftradar signal too weak.,1
Gimbal <UNK> pitch axis endpoint reached.,1
Camera sensor error.,1
Remote ID functionalityenabled.,1
Max AltitudeAttached.,1
ContactSSI Support for assistance.,0
Check map to find Recommended Zones.,0
Failed to cancel Return to HomePayment,1
Aircraft performance decreased to ensure flight safety.,1
Forward obstacle sensing is unavailable.,0
Compasscompiler error.,1
Compass Interference.,1
"Land as soon as possible, otherwise the battery will be damaged.",0
Reign promptly.,0
"If the issue persists, contact DJI Support.",0
Failed to lowerand pack up landing gear.,1
Navigation system error.,1
Camera Settings Adjusted to ActiveCamera.,1
Remotevalidation error.,1
Unableto hover.,1
Aircraft settings updated to comply withFAA regulations.,1
Aircraft closenear Home Point.,1
Software: Command Timeout.,1
Flight altitude restrictedby <UNK> .,1
Obstacle Avoiding Disabled.,1
"Please switch to Normal mode, then back to S-mode to enable it.",0
Auto Landing in <UNK> (s).,1
Aircraft approaching obstaclerequires blind spot and may be unable to detect obstacles.,0
Be careful when flying long distances.,0
Strong Interaction to Remote Controller.,1
Battery error:,1
High altitudeskiing,0
Current flight speed is<UNK> .,0
Simply change the battery.,0
Very low battery.,1
SprayerIS ON.,1
Motor is Blocked.,1
Downlink Restored (after 0m <timeout> .1s).,1
DescendingSpecies,1
Error: Course angle control error.,1
Exited Hypercollapse mode.,1
Remote controller signalprocessing.,1
Check for objects blocking motorvehicles contact DJI Support for assistance.,0
Detach battery and reinstall it.,0
Compass errorhandling,1
Live stream video frame rate less than 9fps.,0
Return the aircraft to an area nearby the home point promptlyto ensure flight safety.,1
Make sure the remote controller is facing aircraft and avoid blocking theview.,0
Warning: Motor Obstructed.,1
Cannot takeoff in a no-fly zone.,1
Maximum Flight DistanceRequired.,1
"Tip: When multi-gimbals are controlled together, only the first gimbal spotlight feature is available.",0
Check and make sure you have obtained proper authorization to fly inrestricted airspace.,0
Neo-awareness function degraded.,1
Forcedwork in progress.,1
Flightspeeds may exceed line-of-sight.,1
You candisable Auto Cache Clear or manually delete cache to get enough space.,0
Excessive gimbal vibration.,1
Aircraft antenna satellite signal searching error.,1
Excessive attitude angle detected.,1
Auto calibration in progress.,1
Unlocking takeoffis not recommended.,1
"If theissue persists, contact DJI Support.",0
Compass Error.,1
rearward vision sensor calibration error.,1
're not logged in.,0
Calibrate IMU.,0
Maximum flight distancerequired.,1
Maximum elevation above <UNK> .,0
ExitingCareer mode:,1
DownlinkRestored (after 0m <NUM> .2s).,1
CrystalSkygets too hot.,1
Only infrared sensors available.,0
Descend as soonas possible.,0
Automatically returning to home.,1
SafeYour Land.,0
Weak signal.,1
ForwardSpectacle Sensing not Working.,1
Check map to find Recommended Zones.,0
Current elevation above <UNK> .,0
Warning: Battery Temperature Below<NUM> C (59F).,1
Downlink Restored (after 0m <timeout> .9s).,1
Max Altitude ApproachedToday,1
Intelligent Flight Modes have not beentested.,1
cannot enterotherwise.,0
Cannotfly in a no-fly zone.,1
Searching .,1
Current elevation above <UNK> .,0
Battery cells undervoltage.,1
Payload mode enabled.,1
Return the aircraft to an area nearby the home point promptly to ensureflight safety.,1
HomePage Updated.,1
"Return sticksat midpoints, then continue flying.",0
please descendat a safer altitude.,0
CannotFly TapFly Cannot fly in that direction.,1
Ensure your enviornment is free of potential obstacles.,0
Failedto take off.,1
Signal interruption may bemore likely.,0
Command Timeout.,1
Contact DJI Supportfor assistance.,0
Magnetic Field Interference.,1
FlyAway.,0
Motor <UNK> propellerdamaged or installed incorrectly.,1
Return to homeand land promptly.,0
ThenPokemon Go.,0
Lightly press it to adjust.,0
Compass initializationerrors.,1
Sensing system is blocked or too close to the obstacle.,1
Obstacle Avatars.,1
Aircraft Landing.,1
Lower altitude immediately andreturn to home manually.,0
Use the RC to control aircraftchainsaw.,0
Camera RCAM not connectedproperly,1
Caller ID error.,1
Object too close to laser rangefinder.,1
Forced landing in progress.,1
ActiveTrack FlightStopped.,1
Large Windfall.,1
"aircraftdetection distance is extended,",0
"Return sticks to midpoints, then continueclimbing.",0
Fly at ahigh altitude.,0
You can enable Auto Cache Clear or manually delete cache to get enough space.,0
Check whether propeller on beeping ESC is warped or damaged.,0
Waypoint MissionAssumed.,1
CheckVPN connection.,0
Weaksignal signal.,1
Lighting environment too dark!,1
Fly with caution and ensure thevehicle remains within your line of sight.,0
Auxiliary Bottom Light turned on.,1
Adjust remote controller antennas.,0
Left and right Obstacle Sensing systemsare available.,0
A passenger aircraft ismissing.,1
Cannot Enter TapFly Cannot fly in that direction.,1
Videos and photos will still be shot in D-VR mode.,1
Fly in a wind-free environmentto ensure flight safety.,0
Calibration subject is too close.,1
Gimbal Tilt too Large.,1
Aircraft takeoff altitude error.,1
Solar Power.,1
Wind resistance affected.,1
No use toget the stick right.,0
Adjust thesettings in MC Settings if required.,0
Braking now!,0
In Flight.,0
Aerial Landing.,1
ActiveTrack Flight Pavers.,1
"Another aircraft is dangerously close.""",1
Change cardformat,1
Min Waypoint Distance: <UNK>Distance,1
Ensureeverything is level before taking off.,0
Warm battery to above <NUM> C (77F) before flying.,0
Calibration subject is too close.,1
Change card or deletecard.,0
Waypoint Mission Resumed.,1
Please contact DJI Support.,0
Return-to-Home Mode is now Auto Landing Mode.,1
Critically Low PowerConsumption,1
Weak GPS signal.,1
Flying without broadcasting required remotevoice messages may violate local regulations.,0
ActiveTrackWeek Ended:,1
Check and log in!,0
Returning to the Home Point:,1
Switched to A (Attitude)-mode.,1
View display in Liveview is enhanced.,1
"Please switch to Normal mode, then back toNormal-mode to enable it.",0
Please change the battery.,0
RTH : Prepending.,1
Waituntil taking off.,0
Use Normal mode if required for stable shooting.,0
Battery installation error.,1
Turn off and retry this function.,0
Executing wayward mission.,1
"Tip: When multi-gimbals are controlled together, only the firstgimbal spotlight feature is available.",0
Motor is idling (lost or missing propellers).,1
Aircraft flight control unlockedEdit,1
Battery level lowvoltage,1
Layered Cruise Control mode.,1
Stewart aircraft or contact DJI Support if the issue persists.,0
ExitedNoise Avoidance System.,1
Battery: Overcharge During Discharge.,1
Ground PlainFire,0
Calibration target not far away enough.,1
Auto calibrationmakes progress.,1
Camera Settings ActiveTrack Optimized.,1
May violate local policies andordinances.,0
Manned aircraft detectednearby.,1
Aircraft in AttitudeRange.,1
Cancel Return-to-Home FailedEmail,1
Home Point Updated.,1
Cannot Identify Subject.,1
Remote IDcard.,1
"Land as soon as possible, otherwise thehabitat will be damaged.",0
Unlocking takeoff restrictions notpermitted.,1
Listing .,1
Lighting environment too dark.,1
Checkif propeller on beeping ESC is warped or damaged.,0
Barometer Dead in Air.,1
Aircraft is now following you!,1
Detecting subjectmatter,1
EnableAdvanced Flight Modes in Settings menu to change.,0
Aircraft approaching obstacle sensing blind spot and may be unableto detect obstacles.,0
Image Transmission Recovered.,1
No resistance affected.,1
Aircraft is close to the Home Point.,1
mAh battery.,1
User ID functionality normal.,1
Obstacle AvoidanceGuide.,1
Exit P-GPS Modeï¿½,0
RTH Altitude : 30mï¿½,0
Camera Settingsdefaults to ActiveTrack.,1
Live stream video frame rate lessthan 9Hz.,0
Forward vision sensor errorcorrection,1
Lightly pressbuttons to adjust.,0
Check motor.,0
Solution: Move awayfrom ground magnetic interference.,0
nuclear power restricted.,1
Current flight speed: <UNK> .,0
Cache SpaceTelescope.,1
Unable to display nearby manned aircraft and anti-collision warnings.,1
Magnitude Less than <UNK> .,0
Aircraft flight control obtained by remote controller B.,1
SDATA write speed is too slow.,1
Metropolitan disabled.,1
Fly withCaution.,0
SD card fullsize,1
Wind resistancetechniques.,1
Yaw ErrorLog,1
Onlyinfrared sensors available.,0
Aircraft settingsfail to comply with national regulations.,1
Manually adjust flight route or return to home.,0
Mobile device version too old to support HD image transmission and the image transmission mode has been switch to normal mode.,1
Landing gear lowered.,1
Downlink Restored (after 0m <NUM> .gifs).,1
Motor is BlockedDown,1
RTH :Fascending.,1
Exit TravelMode.,0
Hyperlink Lost.,1
Gimbal calibration error.,1
Check whether propellers are installed.,0
Contact DJAudio Support for assistance.,0
Camerahandling error.,1
DescendingSpecies,1
cruising altitude.,0
"Another aircraft is dangerously close,",1
Aircraft power insufficient.,1
Calibration subjectis too close.,1
Stewart aircraft.,0
The gimbal is moving.,1
You can reset the RTH Altitude in Remote Controller Settings after cancelling RTH.,0
Take care of your gimbal when landing.,0
Camera Settings AdjustedSettings,1
Current RTH route will pass a No-Fly zone.,1
Warning: Criticallycharged battery.,1
ActiveTrack Flight PausedAway,1
Aircraft GPS signal too weak.,1
Vision system and obstacle sensingtechnology.,0
Visual positioningtechniques.,1
Setting new Maximum Flight Altitude to <UNKNOWN> .,1
LandRover gear function restored.,1
Kilometer Dead in Air.,1
The obstacle avoidance has stopped working.,1
Aircraft toofast.,1
Vision systemrenders obstacle sensing unavailable.,0
Reign promptly.,0
Strong Interactions Now.,1
Forward Obstacle Sensing will beautomatically switched off.,1
Currentclock speed is <UNK> .,0
Maximum flight distance reached.,1
Chainsaw Error.,1
Command TimeoutMode,1
Descending.,1
Magnetic Field Interfaces.,1
please descend to a safer altitude.,0
CompassData.,1
Downwardsensor sensor data error.,1
Wait forfull GPS satellite signal recovery before ascend.,0
Left and right Obstacle Sensitivity systems are available.,0
Warning: Motor Obstructed.,1
Aircraft is in Sport Mode.,0
Full DJI support.,0
Recalibrate using a subject that is farther away.,0
SD card or delete files.,0
UnknownNames.,1
Aircraft is enteringthe restricted area.,1
Camera sensor errordetected,1
Flight distance may exceed line-of-sight.,1
Running Flight Simulator.,1
Planned aircraft approaching.,1
Elemental Lost.,1
Cannot change current flightschedule.,1
Camera RCAM not connected.,1
"If the issue persists, replace battery.",0
"Land asquickly as possible, otherwise the battery will be damaged.",0
Fly with Caution.,0
ExecutingFlashpoint mission.,1
Strong Interference Detected.,1
Aircraft ActiveTrack availableat max speed.,0
Maximum Flight Altitude Reached.,1
ForwardSpectacle Sensing not Working.,1
Restricted aircraft.,0
Obstacle AvoidedSurgery,1
Downlink Restored (after 0m <NUM> .1s).,1
Motor speedometer.,1
Aircraft unableto hover.,1
Compasscompiler error.,1
return to home immediately.,0
ActiveTrack FlightConfused.,1
MeteringSystems.,1
No SDcard.,1
Account not logged in.,0
Decrease altitude and flywithout caution.,0
Obstacle Avoidance has been disabled.,1
Aircraft is in QuickShotmode.,0
Listing .,1
Apredator is now following you.,1
Aircraft max power load reached.,1
Aircraft takeoff altitudewarning.,1
The Waypoint Mission.,1
Downlink Restored (after 0m <NUM> .9sec).,1
Obstacle Avoidanceis not available.,0
Highlights.,0
Manned aircraft detected nearby.,1
GEO Zone Info: The target area isdesignated an Altitude Zone.,1
Please ensureproper propellers are installed on the correct motors.,0
Warning: MotorOverloaded.,1
Detectable subject.,1
Home PointReview.,1
Image: signal lost.,1
Wait for the GPS satellite signal recovery before ascend.,0
Gimbal motor overloaded.,1
Aircraft switched to ATV mode.,1
Check for objectslacking motor or contact DJI Support for assistance.,0
Remove the motors and propellers.,0
Downgraded infrared sensor failure.,1
Strong InterferenceControls.,1
Switched to gimbal freebies.,1
ACommon Core Board Overheated.,1
RightHand Locked.,1
Fly with caution and ensure the aircraft remains within your line of sight.,0
Flight performance will be affected.,1
MotorVehiclestructed.,1
Precision LandingSystems,1
Adjust remotesensing antennas.,0
Strong wireless interference.,1
SDATA write speed is too slow.,1
Checkif propeller on beeping ESC is warped or damaged.,0
Mission Failed.,1
Signal interruption maybe more likely.,0
Check andre-install battery.,0
Battery temperaturedrops below <NUM> degrees Celsius.,1
Remote ID functionality normal.,1
Control Signal Timeout (CSS).,1
Propeachable guard or extra payload detected.,1
Obstacle Avoidance DisabledPatients,1
Propeller guard or extraarmour detected.,1
Forwarding sensor error.,1
Approaching NFZ or pre-set distance limit of ( <UNK>).,1
SafeYour Land.,0
Auxiliary Bottom Light turned on.,1
Check propellers and fly with caution.,0
Move to an opencockpit or exit flight tutorial.,0
Pay attention to the aircraft's position to avoid RTH failure.,0
Returnyours now.,0
Use Normal modewhen required for stable shooting.,0
Gimbal Tilt too Large.,1
Failed toavoid landing.,1
File system error:,1
Aircraft flight control obtained by remote controllersoftware.,1
CompassPreference.,1
Landing ProtectionViolated.,1
Aircraft flight control locked.,1
His palm is too close to the aircraft.,1
Initiating Return to Home will now trigger Auto Landing.,1
QuickShotContest ended.,1
At Least TwoCheckpoints Required.,0
Strong Interference to Remote Controller.,1
Failed to cancel landing.,1
RTHis adjusted to <UNK> .,1
Strongelectromagnetic interference.,1
Aircraft processor chiprecreated.,1
Adjust RTH altitude tothe tallest surrounding building before flying.,0
Competitive Redundancy Switch.,1
Aircraft returning to home.,1
Gimbal calibrating.,1
Please fly away with caution.,0
Returnto Home failed.,1
Check whetherazimbal can rotate freely.,0
Battery <UNK>for maintenance.,0
Forward Obstetric Sensing is not functioning.,1
Pleaseannot enable Follow Me Mode.,1
Aircraft switched toANTI mode.,1
"If the issue persists, replace battery.",0
Ensure aircraft is level before taking off.,0
Unable to take off!,1
Altitudewhere the takeoff point exceeds <UNK> .,1
Backward obstacle sensingis unavailable.,0
Email and link phone number.,0
Way too Small.,0
Related performance will be affected.,1
RightHand Locked.,1
Downlink Restored (after 0m <NUM> .2s):,1
Contact DJI Support if thisissue persists after restarting.,0
Afriend is returning home.,1
Slayer turned ON.,1
Press C1 orC2 to exit.,0
Contact DJIHERE.,0
Downlink Restored (after 0m <NUM> .8s):,1
Aircraft ActiveTrack max speed of <UNK> and Obstacle Avoidance functionsrespectively.,0
Ensure aircraft isgrounded.,0
Interest level low.,1
forward obstacle avoidance has stoppedaltogether.,1
Check motorphotos,0
Tap Flywheel Ended Landing Gear Lowered.,0
Downlink Restored (after 0m <NUM> .2s).,1
Return sticks tochokepoints first.,0
"Tip: Aircraft reached maximum distance, please pay attention to flightpaths.",0
Contact DJIConsulting to arrange for repairs.,0
Aircraft approaching obstacle sensing blind spot and may be unable to detect obstacles.,0
Forward Obstacle Sensing is not functioning.,1
Incorrectmaneuvers will cause the aircraft to roll over during takeoff.,0
Stop Interference Now.,1
Forward Obstacle Sensing isfully functioning.,1
Tip: Only the first camera can tap-zoom in dual gimbal control mode.,0
Forward vision sensorcalibration error.,1
The Waypoint Mission.,1
Incorrect installation will cause the aircraft to roll over duringtakeoff.,0
Maximum Flight DistanceRequired.,1
Obstacle Avoidance Disabled.,1
go home shifts to landing.,0
Return-to-Home Mode iscalled Auto Landing Mode.,1
Leave this mode and try again.,0
Strong Interference toYour Controller.,1
Positioning accuracyimproves.,1
Exclusive GPS mode:,1
Another aircraft is approaching.,1
Aircraft in AttitudeRange.,1
Excessiveakimbal vibration.,1
Object tooclose to laser rangefinder.,1
Obstacle Avoidance will be disabled in landing.,1
to ensure the propellers are installed on the correct motors.,0
Gimbal Recenter.,1
satellite image transmission signal.,1
Warning: Motor Obsolete.,1
Altitude is too large.,1
Aircraft unable to auto hover and takeoff restricted.,1
Battery: Connection Error.,1
Recharge promptly.,0
Fly with caution and ensure the aircraft remains within your line of sight.,0
API Automatic Takeovers.,1
Low Power.,1
Aircraft Landing.,1
Image qualityvary.,1
GroundZero.,0
Failed to cancelBack to Home.,1
Check for objects blocking motor or contact DJIOT for assistance .,0
Executing waypoint mission.,1
Flightschedules will be affected.,1
Your palm is too close to thesun.,1
PanoramaCaptured Successfully.,1
EARTH altitude adjusted to <UNK> .,1
Auto landing initiated.,1
Be carefulwhen flying long distances.,0
Propeller rotatingextremely fast.,1
navigation system and obstacle sensing unavailable.,0
Restarting.,0
Enable Multiple Flight Modes in Settings menu toggles.,0
RTHLatitude : 30m.,0
The aircraft is flying back to the start point.,1
"Land or return to home promptly.""",0
RTH Altitude : 98km.,0
Warning: CommandPrompt.,1
Maximum Flight Altitude Reached.,1
calibration required.,1
Unable to display nearby manned aircraft and anti-collisionsensors.,1
"He sticks to midpoints, then continue flying.",0
Avoid thepitfalls.,0
Aircraft unable to return to home automatically.,1
Aperture is in Tripod Mode.,0
cannotprovide playback.,0
Arrived at Start Point.,1
Compass Stuckers,1
Aircraft returning to home automatically.,1
Distancedetection enabled.,1
Navigation systemcrashes.,1
Compass direction is not the same with IMU.,1
Max altitude set to <UNK> and max distance set to <UNK> to ensure flight safety.,1
Strong wind warning.,1
Move to an open area ora flight tutorial.,0
Downward infrared sensorarrays.,1
Navigation system error:,1
Ensure control sticks are centered during takeoff.,0
Aircraft unable to fly stably.,1
Flight altitude exceeds <UNK> .,1
Battery: Low VoltageBattery.,1
Mayreview local policies and regulations.,0
"After powering off the aircraft, replacethe propeller on the beeping ESC.",0
Downward infrared sensor failureEdit,1
Fly at a safe altitude.,0
FlyYour Caution.,0
This Point not updated.,1
Mannedvegetation detected nearby.,1
Power off aircraft and wait for temperature to returnto normal.,0
Exiting GPS mode:,1
Unable to display nearby manned aircraft and anti-collision warnings.,1
Battery: Connection Error404,1
Your aircraft is flying in an Altitude Zone ( <ASK> ).,1
entailed to lower or pack up landing gear.,1
Automatically returning to home.,1
Aircraft is returning home.,1
Solution: Move awayfrom ground magnetic interference.,0
Altitude LessThan <UNK> .,0
Home Point not updated.],1
Fly safely!,0
Recenter Gimbalife.,0
<NUM> . Calibrate CompassPoint Takeoff.,0
"ExitUpward Forward Downward Upward Sensing system,",0
Aircraft is in Tripod Mode.,0
Restart aircraft ordisable DJI Support if the issue persists.,0
Visualistically inaccurate.,1
Taking OffDrugs,1
Exit this mode and try again!,0
Ensure there are no metal or magnetic objects near the aircraft and calibratethem before use.,0
Report error.,1
BarometerSensor in Air.,1
Landing Gear Paxton.,1
Take off aircraft and wait for temperature to return to normal.,0
Arrived at Start Point.,1
Obstinence Avoidance is not available.,0
Check for objects blocking motor or contact DJI Support for assistance .,0
Battery <UNKNOWN> requires maintenance.,0
Return-to-Home Mode is now Auto Landing Mode.,1
Barcelona Dead in Air.,1
Manned aircraft approaching.,1
Aircraft will not enter S-mode if powered on witha remote controller set to S-mode.,0
ECU calibration required.,1
Make sure the remote controller is facing aircraft and avoid blockingincoming signal.,0
Adjustsettings in MC Settings if required.,0
Theplane is flying back to the start point.,1
APAS has beencorrected.,1
Switched to gimbal free mode.,1
Getting lost.,1
Land or return to homeagain.,0
Stewart aircraft or contact DJI Support if the issue persists.,0
Altitude above the takeoff point exceeds <200K> .,1
Temp Max Altitude: <UNK> .,0
Try again later.,0
Returnher home immediately.,0
Manually adjust flight route or return toEarth.,0
Camera sensorcalibration.,1
Yourcamera is too close to the aircraft.,1
Entered Cruise Control mode.,1
login and log in.,0
Home PointReview.,1
LowIncome.,1
Contact DJI Support if thishelps.,0
Use Normal modewhen required for stable shooting.,0
Sensing system is blocked or too closeto the obstacle.,1
Aircraft unable to flysustainably.,1
Flying without broadcasting required remotevoice messages may violate local regulations.,0
Cannot TrackErrors.,1
Camera Settings AdjustedSettings,1
Aircraft ActiveMode max speed of <UNK> and Obstacle Avoidance functions normally.,0
Large Windfall.,1
Max altitude set to <UNK> and max distance set to <UNK>to ensure flight safety.,1
Compass disconnected.,1
go home shiftsupon landing.,0
EMMC is full.,1
Identifying aircraft position.,1
Ensure your enviornment is free of potential obstacles.,0
Landing Gear RaisingUp,1
GEO: You are in a Warning Zone (Airport Class Airspace Unpowered Airports Power Plant).,1
Forward Obstacle Sensing will be automatically switchedoff.,1
Compass error.,1
Remote controllerwas lost.,1
Batteryvoltage undervoltage.,1
Gimbal Tilt toosoon.,1
Nocredit card.,1
PressC1 or C2 to exit.,0
Cannot Identify Subject.,1
Camera busy!,1
Aircraft in Authorization Zone.,1
Aircraft will decelerate to ensure safety.,0
Avoidan obstacle.,0
Panorama Captured Successfully.,1
"If the issue persists, replace batterypacks",0
Arrived at StartPoint.,1
StartingEndpoint Mission.,1
Mobile deviceis fully loaded.,1
Not suitable for shooting a 4K video.,0
Warning: Critically low battery.,1
IMUALLY calibrated.,1
Monitoring accuracy may be compromised.,1
"Automatically returning to home.""",1
Color display in LiveTile is enhanced.,1
Cannot switch flight mode.,1
CannotEnable TapFly Mode:,1
IMUscrewed up.,1
Aircraftcruise control unlocked.,1
No use to move the stick right!,0
"If the issue persists, contact DJI Support.",0
Tap the screen to focus.,0
At Least10 Waypoints Required.,0
Panorama Captured Successfully.,1
Aircraft Entering Restricted Area.,1
Aircraft Core BoardReheated.,1
Stickiness detected.,1
Unknown ErrorMessages,1
Takecare of your gimbal when landing.,0
Weak GPStracking.,1
Move to anexit area or exit flight tutorial.,0
API Automatic Takeoff.,1
Micro SD card.,0
Critically low powerrating,1
Command FailedAttempt,1
calibration calibration in progress.,1
Initiating Return to Home will now trigger AutoRecall.,1
Battery not installed properly.,1
Aircraft is close toCannon Point.,0
Gyroscope initializationprocedure.,1
Gimbal Roll Limit Reached.,1
MeteringSystems.,1
Cannot enter Follow Me Mode.,1
Aircraft flight control locked.,1
Batteryvoltage undervoltage.,1
Strong Interference toYour Controller.,1
CommandLoadout.,1
seconds before taking off.,0
Objectsensor close to laser rangefinder.,1
Cannot takeoff in a no-fly zone.,1
GPS signal weak.,1
Move to an open area or exit flight tutorial.,0
Military aircraft is nearby.,1
You can reset the RTH Altitude in Remote Controller Settings after cancelling RTH if necessary.,0
Return aircraft to an area nearby the home point promptly and fly in a wind-free environment to ensure flight safety.,0
Gimbal <UNK>horizontal axis endpoint reached.,1
Compass Redundancy Switch.,1
Cannot enter Pano mode.,1
"Expected attitude angle detected,",1
Aircraftare now following you.,1
Ensure the aircraftstays within your line of sight and fly with caution.,0
GimbalEpicenter.,1
Cannot Enter TapFly Cannot fly in thatdirection.,1
Ensure the aircraft battery is properlycharged.,0
Wait before taking off!,0
Downward vision sensorcalibration error.,1
This Point not updated.,1
Gimbal <UNK> pan axis endpoint reached.,1
"CameraIcon,",1
Incorrect installation will cause the aircraft to roll over during takeoff.,0
Maximum Max Altitude: <UNK> .,0
"aircraft braking distance is extended,",0
Fly Fly Flight Ended Landing Gear Lowered.,0
Control Signal Timeout (RC).,1
Move away from sources of interference before attempting flight.,0
Control Signal Timeout (CSS).,1
Warm battery to above <NUM> C (77F) before flying.,0
Maximum flight distancerequired.,1
Strongelectromagnetic interference.,1
Lower altitude immediately and return to home manually.,0
AQualcomm processor chip overheated.,1
Auxiliary Bottom Lightshuts off.,1
Terminal interruption may be more likely.,0
Pay attentionto the aircraft's position to avoid RTH failure.,0
Ability to choose a valid zone.,0
Exit Backward Forward Downward Upward Sensing systemEdit,0
Aircraft takeoff altitudewarning.,1
Cannot switch flight mode.,1
Please fly away with caution.,0
Rotation Altitude : 30m.,0
Press C1 or C2 to exit.,0
CannotTurnoff in Travel Mode.,1
Setting new Return-To-Home altitude to <UNK> .,1
View Point Updated.,1
via Timeout.,1
Throttle upto reduce the speed of descent and use sticks to avoid obstacles.,0
Inflation.,0
sprayed <UNK> at<UNK> liters/min.,1
Unknown ErrorMessages,1
Restarting to take off.,0
Downlink Restored (after 0m <NUM>^2s).,1
Auto landinggear.,1
Automatically returning to home.,1
Battery AlertSystem,1
Cannot enable Follow Me Mode.,1
Exited Hypercollapse mode.,1
LandingRates Lowered.,1
LargeScale Velocity.,1
Aircraft is flying back to the start point.,1
SD card fullsize,1
"Aircraft is landing due to low voltage, which cannot be stopped.",1
Restart aircraft or contact DJI Support if the issue persists.,0
Gyroscope initialization failed.,1
Landing gearis restored.,1
The gimbalkeeps moving.,1
Downlink Restored (after 0m <NUM>00000006s).,1
Cannot TrackErrors.,1
Leftand right Obstacle Sensing systems are available.,0
Exit this mode and try again.,0
Attitude is too large.,1
Related performance willbe affected.,1
Obstacle Avoidance will be disabled infuture.,1
A passenger aircraft is approaching.,1
Magnetic Field Interference.,1
WaypointHas Resumed.,1
Check the USB connection with aircraft.,0
SD card full.,1
Cannot shoot panoramavideo,1
Propeller guard orpayload payload detected.,1
SignalWarning.,1
Panorama hasclosed.,1
Distance limit exceeded.,1
Cancel Return-to-Homepurchases.,1
Ensure control sticks are centered during takeoff.,0
Please ensure the propellers are installed on the correct motors.,0
Restricted Aircraft.,0
MotorVehiclestructed.,1
Technically Low Voltage Warning.,1
Geo-awareness functionfunctions.,1
Unableto hover.,1
Please ensure the propellers aremounted on the correct motors.,0
Please change thepassword.,0
No use to move the stick right.,0
"Tip: Aircraft reached maximum distance, please pay attention to flight safetyprecautions",0
basically low power.,1
Mobile device version too old to support HD image transmission and the image transmissionmode has been switch to normal mode.,1
Another passenger aircraft is approaching.,1
Youtube Error.,1
Altitude is too large.,1
Abnormal compass function or GPS signal detected.,1
Aircraft ActiveVehicles available at max speed.,0
ACommon Core Board Overheated.,1
Check the motors and propellers!,0
QuickShot has ended.,1
ECU not calibrated.,1
Check whetherpropeller on beeping ESC is warped or damaged.,0
Aircraft unable to hoversafely,1
Rectifying aircraft position.,1
Battery <UNK> requiresJavaScript.,0
Cool down the monitor to prevent overheating.,0
You can reset the RTH Altitude in Remote Controller Settings aftercancelling RTH.,0
Aircraft processor chip overheated.,1
Manually control the aircraft and land in an open area.,0
Amaximum max power load reached.,1
"When exceeding <SDK> , Obstacle Avoidance is not available.",0
Managers control the aircraft and land in an open area.,0
High Wind Velocity:,1
Gimbal Roll LimitRate.,1
Strong windstorms,1
Returning to the Home Point.,1
QuickShotContest ended.,1
Remote controller battery level lowvoltage,1
Gimbal Tilt too Large.,1
Videos and photos will still be shotin D-Log mode.,1
Downward vision sensor calibration error:,1
Downlink Restored (after 0m <NUM> .6s):,1
Downlink data connection lost for <UNK> seconds.,1
You can enable Auto Cache Clear or manuallydisable cache to get enough space.,0
Loading... failed.,1
Visual positioningtechniques.,1
Battery installation error:,1
return to home immediately.,0
Subject lost.,1
climbal calibrating.,1
Not Enough Force/ESC ErrorLog,1
Distance limitcalculation.,1
Compass InterferenceTechniques,1
Large Wind Velocity.,1
Radio Transmission Recovered.,1
Rechargeaccordingly.,0
Motor isidling (lost or missing propeller).,1
Aircraft is entering a restricted area.,1
Aircraft unable to hover.,1
Remote IDis normal.,1
Aircraft powerplant.,1
No use to move the stick right!,0
Flying without broadcasting required remote ID messages may violate local regulations.,0
Calibration subjectis too close.,1
Another aircraftwas approaching.,1
Abnormal compass function or GPS signal detected.,1
IMU attitude restricted.,1
Downlink Lost.,1
Downlink Restored (after 0m <NUM> .5s).,1
Motor idle.,1
Precision LandingSystems,1
RTH : Ascending to RTH altitude.,1
"Aircraft is landing due to low voltage, which cannot be stopped.",1
"Ambient Light too Weak,",1
Rectifying aircraft positionEdit,1
Restart aircraft.,0
Cannot shootPanorama.,1
Failed topull off.,1
Backward obstacle sensing is unavailable.,0
Check and log in.,0
Camera RCAMstays connected.,1
calibration required.,1
"If the issue persists, contact DJIRecords.",0
Failed to takeaction.,1
Compass initialization failed.,1
Compass Stuck.,1
Object too close to laser rangefinder.,1
to replace the battery.,0
Cache Space FullSize,1
QuickShots stopped.,1
Calibration target not far away enough.,1
Propeller Guard Mounted Propeller GuardHelmet.,1
Avoid thepitfalls.,0
Strobe movement detected.,1
LowIncome.,1
Critically Low Voltage WarningSigns,1
Remotevalidation error.,1
LandRover Canceled.,1
Obstacle Avoidance disabled.,1
Vision systems andcollision avoidance disabled.,1
Geo-processing function degraded.,1
Ambient Light is too weak.,1
Insufficient storage space.,1
Ground Plain.,0
tilt the screen lightly to focus.,0
sprayed <UNK> at <UNK> liters.min.,1
Restart aircraftcarriers,0
Aircraft may be in violation ofFAA laws and regulations.,0
Aircraft toofast.,1
Press C1 or C2 to exitmenu,0
Exit TravelMode.,0
Check theGPS connection with aircraft.,0
Aircraftflying in Attitude mode and hovering may be unstable.,1
Weak image transmission signalEdit,1
RTH Altitudeat 30m.,0
Then tapagain.,0
Excessive gimbalism.,1
Please step farther away.,0
Stay idle.,1
dissenter Gimbal Pan.,0
Critically Low Voltage.,1
Aircraft GPS signalis weak.,1
Navigation systemcrashes.,1
Aircraft landing automatically.,1
Check and re-install battery.,0
"Aircraft is tilted,",1
Recenter Gimbal Panorama,0
Cannotactivate Pano mode.,1
Aircraft processor overheated.,1
Video cache hasshrunk because there is not enough storage space.,1
Cannot switch flight mode.,1
Return to Home failed.,1
Aircraft not linkedby phone number.,0
Altogether Less than <UNK> .,0
Subject too SmallEnough,0
Aircraft unstable at low altitude.,1
Calibrate IMU.,0
Tryagain later.,0
Restarting.,0
"During Smart Track, you can control lensmagnification within a certain limit.",0
Mannedapocalypse approaching.,1
Check and link phone number.,0
Contact DJI Supportif this error persists after restarting.,0
Correcting LandingErrors.,1
ActiveTrack Flight Stopping.,1
Aircraft in Attitude mode.,1
Warning: Battery Temperature Below <NUM> C(-59F).,1
Cannot enter Follow MeAnything.,1
Recalibrations using a subject that is farther away.,0
Failed to cancel Return to Home.,1
Rectifyingseating position.,1
Ensure there are no metal or magnetic objects near the aircraft andlubricate it before use.,0
Gimbal Tasks too Large.,1
Aircraft is tiltedsideways,1
Exit Travel Mode.,0
ACommon Core Board Overheated.,1
Apredator is now following you.,1
Return aircraft to an area nearby the home point promptly and fly in a wind-free environment to ensure flight safety.,0
Manually control the aircraft and land in anenclosed area.,0
Warning: Command TimeErrors.,1
ActiveTrack FlightStopped.,1
Downlink Restored (after 0m <NUM> .6s).,1
Gimbal motor overloaded.,1
Return sticksto midpoints first.,0
Aircraft flight control unlocked.,1
Very low battery.,1
Return to home immediately.,0
Command FailedAttempt,1
Unlocking takeoff restrictions not recommended.,1
Cannot switch flight mode.,1
Aircraft is in Tripod Mode.,0
GPS signal weaklink,1
GPS signal low.,1
Ambient Light isextremely weak.,1
"Ambient LightIs Weak,",1
Adjust the distance in MC Settings if required.,0
Incompatible firmware version.,1
Intel RCAM not connected.,1
Payload mode enabled.,1
Long range restricted.,1
Monitoring accuracy affected.,1
Aircraft stopped.,1
Aircraft LandingApproach,1
Check for the GPS satellite signal recovery before ascend.,0
Aircraft approaching obstacle sensingblind spot and may be unable to detect obstacles.,0
"Return sticks to midpoints, then continue flying.",0
Aircraft is in Sport Mode.,0
View thevideo after landing.,0
Aircraft unstable atcruising altitude.,1
was not installed properly.,1
ReturningHome.,1
Propeller rotating too fast.,1
Check whetherazimbal can rotate freely.,0
Aircraft ActiveTrack available at max speed.,0
"Excessive attitude angleetc,",1
IncompatibleFirefox version.,1
Abnormal compass function or GPS signal detected.,1
RTH Altitude : 98FT.,0
Grass disconnected.,1
Warning: Command TimeErrors.,1
Descend as soon aspossible.,0
Executing wayward mission.,1
Cannot enterStephano mode.,1
Fly in a wind-free environment to ensure flight safety.,0
Aircraft processoroverheated.,1
DrPepper is Vibrating.,1
Strobe movement detected.,1
Enable Multiple Flight Modes in Settings menu toggles.,0
Strong Interference Detected.,1
Badass Stuck.,1
Search for objects blocking motor or contact DJI Support for assistance .,0
Restart aircraftto take off.,0
ObstacleGuidance disabled.,1
Use the RC to control aircraft yaw.,0
carcass abnormal.,1
Altitude above the takeoff point exceeds <UNK> .,1
Cannot change current flight mode.,1
Please change thepassword.,0
Wait for thefull satellite signal recovery before ascend.,0
Returnto Home failed.,1
Maximum flight distance reached.,1
Restricted Aircraft.,0
A passenger aircraft is approaching.,1
Motor Obstructed.,1
Weak image transmission signalEdit,1
Decrease altitude and fly with caution.,0
Aircraft is flyingcloser to the start point.,1
Max altitude reached (Altitude limit: <UNK> ) .,1
Use propellers and fly with caution.,0
Disable SD card read and write protection or changefirmware.,0
Approaching a No-Fly Zone.,1
Aircraft pitch angle toohigh.,1
Stickiness detected.,1
Gateway and Follow in progress.,1
Calibrating IMU.,0
Fixed speed error.,1
Exited CruiseControl mode.,1
Related performance will be affected.,1
Compass direction is not thecase with IMU.,1
Aircraft takeoff altitudewarning.,1
Battery overheating.,1
Aircraft unable to fly stably.,1
Aircraft will automatically descend in <UNK> .,1
Downlinklink.,1
Compass Interfaces.,1
Airircraft settings updated to comply with national regulations.,1
Adjust thesettings in MC Settings if required.,0
Move away from sources ofnoise before attempting flight.,0
Check motorphotos,0
Warning: Battery Temperature Below <NUMï¿½ C (59F).,1
Low batterylife,1
Please step farther away!,0
Downward altitude sensor data error.,1
SDcard full.,1
Tap to choose a validpassword.,0
Shut down the monitor to prevent overheating.,0
API Automatic ReturnError.,1
Fly in a wind-free environment to ensureair safety.,0
Home Point not updated.],1
Returnthe aircraft to an area nearby the home point promptly to ensure flight safety.,1
IMU not calibrated.,1
Aircraft is flying backtowards the start point.,1
Aircraft switched toANTI mode.,1
GimbalSpeed Limit Reached.,1
Compass initialization failed.,1
You can reset the RTH Altitudeand Remote Controller Settings after cancelling RTH.,0
Flying without broadcasting required remote ID messagesmay violate local regulations.,0
Aircraft will be forced torefuel.,1
Warning: Battery Temperature Below <NUM> C (59F),1
Adjust altitudevia MC Settings if required.,0
Gimbal <UNK> roll axis endpointvisualization.,1
Contact DJI Support to arrange for repairs.,0
Gimbal motorbike.,1
CannotPlease Follow Me Mode.,1
Aircraft mayfly in violation of local laws and regulations.,0
Critical lowfrequencies.,1
Home Point RecordedVideo,1
Compass errorhandling,1
Inflation.,0
Check battery status andrecharge or warm up battery.,0
Maximum Wind Velocity:,1
Return to homeand land promptly.,0
Cannot enter PBE mode.,1
Arrived atDana Point.,1
Ensure youhave obtained proper airspace authorization.,0
Cannot enter FollowMe Mode.,1
ReturningHome.,1
"Aircraft is landing due to low voltage, which cannot be stopped.",1
Excessive gimbal vibration.,1
Switched to A (Attitude)-mode.,1
Aircraft will decelerateupon landing.,1
Arrive at destination.,1
Aircraft close to HomeDepot.,1
Low battery.,1
Unknown ErrorMessages,1
Image qualityvary.,1
Correcting Landing Position.,1
Video cache has stopped because there is not enough storage space.,1
Aircraft will be forced to land.,1
"Homebrew Recorded,",1
Move away from sources of interference before attempting flight.,0
Unlockingbrowser restrictions not recommended.,1
Away and Follow inStyle.,1
Please step fartherahead.,0
Racial Altitude is 30m.,0
Flight rangefinder.,1
Identifying aircraft position.,1
Land orreturn to home promptly.,0
Cooling environment too dark.,1
Contact DJI Support to arrange for repairs.,0
Planned aircraft approaching.,1
Your aircraft is flying in an Altitude Zone ( <UNK> ).,1
Batterycharger installed properly.,1
QuickShots stopped.,1
The flight attitude angle is largerthan Sport mode.,1
Cannot TrackErrors.,1
Battery: Overcurrent During Discharge.,1
Pay attention to the aircraft's position to avoid RTHBs.,0
Check the checklist after landing.,0
Please contact DJI Support.,0
Flying without broadcasting required remote ID messages may violate locallaw.,0
Auto landing initiated.,1
SearchInterest .,1
JetTrack Flight Stopped.,1
Gimbal <UNK> pan axis endpoint reached.,1
Setting new Maximum Flight AltitudeRange <UNK> .,1
RunningFlight Simulator.,1
CommandLoadout.,1
Compass interferenceEdit,1
Not suitable forwatching a 4K video.,0
Ensureeverything is level before taking off.,0
Change cardformat,1
Return aircraft to an area nearby the home point promptly and flyin a wind-free environment to ensure flight safety.,0
EMMC isinvestigating.,1
Lightly press it to adjust.,0
GPS signalprocessing.,1
Return home now!,0
Battery temperature is below <NUM> degrees CelsiusFahrenheit,1
Panorama Captured Successfully.,1
Decrease altitude and fly with caution.,0
RTH Altitudeat 30m.,0
Another aircraft isapproaching.,1
Max Altitude ApproachedToday,1
Aircraft unable to hover.,1
Advanced Settings Adjusted to ActiveTrack.,1
Motor <GTK> propeller detached or installed incorrectly.,1
Enable Multiple Flight Modes in Settings menu to change.,0
Check and linkphone number.,0
Positionand accuracy affected.,1
Exited Visual Avoidance SystemReferences,1
Critically Low Power.,1
LandRover Gear Raised.,1
Maximum Flight Altitude Reached.,1
Geo-awareness function degraded.,1
Strong Aircraft Interference.,1
Flight range restrictedairspace,1
Live stream video framerate less than 9Hz.,0
Compass direction is not the same with IMU.,1
Battery Alert.,1
Error: Course angle control error.,1
JetTrack Flight Ended:,1
APAShas been enabled.,1
Exited Cruise Control modeEdit,1
You can reset the RTH Altitude in Remote Controller Settings aftercancelling RTH if necessary.,0
Storage storage full.,1
Advanced Settings ActiveTrack Optimized.,1
Videos and photos will still be shot in D-Log mode.,1
Manuallyfly the aircraft and land in an open area.,0
-compatible firmware version.,1
Landing ProtectionViolated.,1
Forward vision sensor calibration error.,1
Charge battery.,1
Visual positioning inaccurate.,1
forward obstacle avoidance has stopped working.,1
"After powering off the aircraft, replace the propellers on the beeping ESC.",0
Unable topull off.,1
Interest level low.,1
Report Error.,1
Contact DJI Support fordetails.,0
Aircraft flight control obtained by remote controllersoftware.,1
Image quality affected.,1
Landing GearConfused.,1
Use the RC to control aircraft yawking,0
Obstacle Avoidance disabled.,1
Checkout objects blocking motor or contact DJI Support for assistance .,0
LandRover gear lowered.,1
Power off aircraft and wait for temperature to return to normal.,0
Motor is idling (lost or missingpropeller).,1
Stay away from sources of interference before attempting flight.,0
Camera Settings ActiveMode Optimized.,1
Battery: Overcurrent During DischargePeriod,1
Downlink Restored (after 0m <NUM> .1sec).,1
Battery temperature is below <NUM> degrees Celsius.,1
Return-to-Home Modeand now Auto Landing Mode.,1
Please step fartherahead.,0
High WindWarning:,1
goose shifts to landing.,0
Switched to gimbal free mode.,1
Critically Low Power.,1
Ensure there are no metalor magnetic objects near the aircraft and calibrate compass.,0
Landing gearetc.,1
Return home now.,0
BatteryConnection Connection Error.,1
Afaulty antenna satellite signal searching error.,1
Aircraft ActiveTrack max speedmode <UNK> and Obstacle Avoidance functions normally.,0
Enable DJI Support if this error persists after restarting.,0
Calibrate IMU.,0
Backward obstacle sensingis unavailable.,0
Ensure the aircraft battery issecurely connected.,0
calibration required.,1
Color display in Liveview is enhanced.,1
Aircraft will not enter S-mode if powered on with the remote controller set to S-mode.,0
Exposure time is too long.,1
Cancel Return-to-Home Failed.,1
Vision systems and obstacle avoidance disabled.,1
Ensure there are no metal or magnetic objectsinside the aircraft and calibrate it before use.,0
Image quality affected.,1
Approaching a No-Fly Zone.,1
Homebrew Recorded.,1
Cannot Identify Subject.,1
Tap the screen lightly to focus.,0
Drone is Vibrating.,1
"During Smart Track, you can control lens zoom withina certain limit.",0
Batterydrain.,1
Land or return to home promptly.,0
Cannot enable Follow Me Mode.,1
Aircraft unable to auto hover and takeoffsafely.,1
Batterydrain.,1
Contact DJI Support for assistance.,0
Competitive interference.,1
Throttle up to reduce the speed of descent and use sticks to avoid obstacles.,0
Gyroscope initializationprocedure.,1
Flight heightremains low.,1
Vision sensor errordetected,1
ForwardSpectacle Sensing not Working.,1
Switchedto gimbal free mode.,1
Gimbal Pitch Limit ReachedPreviously,1
Tip: Only the first camera can tap-zoom in dual gimbal control mode.,0
Cannot Track Subject.,1
Remotekeeps battery level low.,1
"Stay busy,",1
Aircraftcarrier.,1
RunningFlight Simulator.,1
Decrease altitude andproceed with caution.,0
Aircraft will decelerate to ensure safety.,0
The obstacle avoidance has stopped working.,1
Error: Course angle controlfails.,1
Ensure you haveobtained proper airspace authorization.,0
Braves now!,0
Loading database failed.,1
Return the aircraft to an areanear the home point promptly to ensure flight safety.,1
Aircraft landing automatically.,1
CompassAbundancy Switch.,1
Message system error.,1
Fly in a wind-free environment to ensure flight safety.,0
Adjust remote controller antennas.,0
Aircraft will not enter S-mode if powered on with the remote controller set to S-mode.,0
Critically LowQuality.,1
Backward obstaclecourses unavailable.,0
Stick movement detected.,1
Restart Aircraft.,0
to replace the battery.,0
Distance limit exceeded.,1
MotorTrend.,1
Aircraft close to HomeDepot.,1
"Ambient Light too Weak,",1
RTH Altitude : 30m.,0
Gyroscope initialization failed.,1
APAS has been enabled.,1
Downlink Restored (after 0m <NUM> .7s).,1
"Strong wireless interference.""",1
Cannotenter current flight mode.,1
Aircraft max power load reached.,1
QuickShotsarchive.,1
Ensure aircraft is level.,0
Strong Interference to Aircraft.,1
The flight attitude angle is larger in Sport mode.,1
ActiveTrack Flight Ended:,1
